,date,sum,min,max,mean
4383,1993-01-01,0,-9,1,-8.5
4384,1993-02-01,0,-9,-1,-9.5
4385,1993-03-01,0,-4,1,-3.5
4386,1993-04-01,0,-9,0,-9.0
4387,1993-05-01,0,-5,2,-4.0
4388,1993-06-01,0,-4,4,-2.0
4389,1993-07-01,0,-3,5,-0.5
4390,1993-08-01,0,-3,8,1.0
4391,1993-09-01,0,-4,5,-1.5
4392,1993-10-01,0,-6,0,-6.0
4393,1993-11-01,0,-1,3,0.5
4394,1993-12-01,0,2,5,4.5
4395,1993-01-13,0,-1,5,1.5
4396,1993-01-14,0,0,8,4.0
4397,1993-01-15,0,-2,8,2.0
4398,1993-01-16,0,-3,7,0.5
4399,1993-01-17,0,-5,1,-4.5
4400,1993-01-18,0,-2,1,-1.5
4401,1993-01-19,0,-3,3,-1.5
4402,1993-01-20,0,-3,5,-0.5
4403,1993-01-21,0,-4,4,-2.0
4404,1993-01-22,0,-4,5,-1.5
4405,1993-01-23,0,-2,2,-1.0
4406,1993-01-24,0,-1,3,0.5
4407,1993-01-25,0,1,12,7.0
4408,1993-01-26,0,-5,7,-1.5
4409,1993-01-27,0,-5,9,-0.5
4410,1993-01-28,0,-6,7,-2.5
4411,1993-01-29,0,-4,7,-0.5
4412,1993-01-30,0,-5,8,-1.0
4413,1993-01-31,0,-4,5,-1.5
4414,1993-01-02,0,-3,7,0.5
4415,1993-02-02,0,-4,6,-1.0
4416,1993-03-02,0,-2,7,1.5
4417,1993-04-02,0,-3,8,1.0
4418,1993-05-02,0,-4,6,-1.0
4419,1993-06-02,0,-2,7,1.5
4420,1993-07-02,0,-1,11,4.5
4421,1993-08-02,0,-4,5,-1.5
4422,1993-09-02,0,-5,10,0.0
4423,1993-10-02,0,-5,6,-2.0
4424,1993-11-02,0,-3,5,-0.5
4425,1993-12-02,0,-5,6,-2.0
4426,1993-02-13,0,-4,7,-0.5
4427,1993-02-14,0,-4,7,-0.5
4428,1993-02-15,0,-6,7,-2.5
4429,1993-02-16,0,-1,6,2.0
4430,1993-02-17,0,-4,4,-2.0
4431,1993-02-18,0,-6,11,-0.5
4432,1993-02-19,0,-4,8,0.0
4433,1993-02-20,0,-1,11,4.5
4434,1993-02-21,0,-2,7,1.5
4435,1993-02-22,0.2,-2,4,0.0
4436,1993-02-23,0,-3,2,-2.0
4437,1993-02-24,0,-3,5,-0.5
4438,1993-02-25,0,-5,8,-1.0
4439,1993-02-26,0,-5,7,-1.5
4440,1993-02-27,0,-5,7,-1.5
4441,1993-02-28,0,-2,5,0.5
4442,1993-01-03,6.8,1,5,3.5
4443,1993-02-03,0,1,8,5.0
4444,1993-03-03,0,1,9,5.5
4445,1993-04-03,0,0,10,5.0
4446,1993-05-03,0,-1,7,2.5
4447,1993-06-03,0,-5,14,2.0
4448,1993-07-03,0,-2,13,4.5
4449,1993-08-03,0,-2,12,4.0
4450,1993-09-03,0,-5,12,1.0
4451,1993-10-03,0,-3,12,3.0
4452,1993-11-03,0,-2,15,5.5
4453,1993-12-03,0,-1,14,6.0
4454,1993-03-13,0,1,15,8.5
4455,1993-03-14,0,4,15,11.5
4456,1993-03-15,0,3,17,11.5
4457,1993-03-16,0,-1,20,9.0
4458,1993-03-17,0,0,27,13.5
4459,1993-03-18,0,5,26,18.0
4460,1993-03-19,0,5,25,17.5
4461,1993-03-20,0,5,23,16.5
4462,1993-03-21,0,3,20,13.0
4463,1993-03-22,0,9,17,17.5
4464,1993-03-23,0,9,16,17.0
4465,1993-03-24,0.4,7,13,13.5
4466,1993-03-25,4.8,6,11,11.5
4467,1993-03-26,0,3,18,12.0
4468,1993-03-27,0,0,10,5.0
4469,1993-03-28,0,2,10,7.0
4470,1993-03-29,0,-1,13,5.5
4471,1993-03-30,0,-1,15,6.5
4472,1993-03-31,0,-3,16,5.0
4473,1993-01-04,0,-1,17,7.5
4474,1993-02-04,0,6,19,15.5
4475,1993-03-04,0,6,15,13.5
4476,1993-04-04,3.8,4,12,10.0
4477,1993-05-04,4.6,6,20,16.0
4478,1993-06-04,0,3,21,13.5
4479,1993-07-04,0,3,30,18.0
4480,1993-08-04,0,6,23,17.5
4481,1993-09-04,0,4,19,13.5
4482,1993-10-04,0,6,15,13.5
4483,1993-11-04,6.2,6,14,13.0
4484,1993-12-04,29.2,5,13,11.5
4485,1993-04-13,3,6,11,11.5
4486,1993-04-14,3.2,5,26,18.0
4487,1993-04-15,0,6,18,15.0
4488,1993-04-16,0,3,23,14.5
4489,1993-04-17,0,5,21,15.5
4490,1993-04-18,0,2,22,13.0
4491,1993-04-19,0,7,21,17.5
4492,1993-04-20,0,5,24,17.0
4493,1993-04-21,0,11,22,22.0
4494,1993-04-22,0,6,24,18.0
4495,1993-04-23,0,5,24,17.0
4496,1993-04-24,0,8,24,20.0
4497,1993-04-25,0,10,19,19.5
4498,1993-04-26,0.8,10,24,22.0
4499,1993-04-27,0,7,27,20.5
4500,1993-04-28,0.6,12,19,21.5
4501,1993-04-29,2.8,11,23,22.5
4502,1993-04-30,0,11,17,19.5
4503,1993-01-05,3.4,6,18,15.0
4504,1993-02-05,0.4,7,22,18.0
4505,1993-03-05,1.6,7,23,18.5
4506,1993-04-05,0,10,26,23.0
4507,1993-05-05,3,9,26,22.0
4508,1993-06-05,2,9,22,20.0
4509,1993-07-05,2.2,10,22,21.0
4510,1993-08-05,0,9,24,21.0
4511,1993-09-05,0.4,10,25,22.5
4512,1993-10-05,0,12,27,25.5
4513,1993-11-05,0.2,11,23,22.5
4514,1993-12-05,0.4,11,22,22.0
4515,1993-05-13,3.4,8,21,18.5
4516,1993-05-14,0.2,7,24,19.0
4517,1993-05-15,0,7,28,21.0
4518,1993-05-16,0,11,25,23.5
4519,1993-05-17,0,9,26,22.0
4520,1993-05-18,0,9,26,22.0
4521,1993-05-19,0,10,28,24.0
4522,1993-05-20,0,15,34,32.0
4523,1993-05-21,3.6,11,23,22.5
4524,1993-05-22,5.6,9,25,21.5
4525,1993-05-23,0,8,27,21.5
4526,1993-05-24,0,10,28,24.0
4527,1993-05-25,1,13,30,28.0
4528,1993-05-26,0,13,30,28.0
4529,1993-05-27,0,20,28,34.0
4530,1993-05-28,0,13,26,26.0
4531,1993-05-29,2.4,11,27,24.5
4532,1993-05-30,0,11,27,24.5
4533,1993-05-31,0,16,30,31.0
4534,1993-01-06,0,13,29,27.5
4535,1993-02-06,0,14,32,30.0
4536,1993-03-06,14.4,13,21,23.5
4537,1993-04-06,0,13,27,26.5
4538,1993-05-06,0,10,31,25.5
4539,1993-06-06,0,12,31,27.5
4540,1993-07-06,0,16,32,32.0
4541,1993-08-06,11.6,15,32,31.0
4542,1993-09-06,0,18,31,33.5
4543,1993-10-06,0.2,16,30,31.0
4544,1993-11-06,6.6,15,27,28.5
4545,1993-12-06,0.8,13,26,26.0
4546,1993-06-13,0.2,13,21,23.5
4547,1993-06-14,5.6,13,28,27.0
4548,1993-06-15,2,13,28,27.0
4549,1993-06-16,0,11,30,26.0
4550,1993-06-17,0,18,29,32.5
4551,1993-06-18,0.2,11,27,24.5
4552,1993-06-19,0,11,29,25.5
4553,1993-06-20,0,14,30,29.0
4554,1993-06-21,3.4,14,28,28.0
4555,1993-06-22,1.6,17,26,30.0
4556,1993-06-23,19.2,16,24,28.0
4557,1993-06-24,5.4,15,31,30.5
4558,1993-06-25,0,12,26,25.0
4559,1993-06-26,0,15,31,30.5
4560,1993-06-27,0,10,28,24.0
4561,1993-06-28,0,16,30,31.0
4562,1993-06-29,0,13,21,23.5
4563,1993-06-30,0,14,28,28.0
4564,1993-01-07,0,15,29,29.5
4565,1993-02-07,0.6,16,29,30.5
4566,1993-03-07,0,17,30,32.0
4567,1993-04-07,0,14,32,30.0
4568,1993-05-07,0,16,31,31.5
4569,1993-06-07,0,19,30,34.0
4570,1993-07-07,0,16,31,31.5
4571,1993-08-07,0,10,27,23.5
4572,1993-09-07,0,17,28,31.0
4573,1993-10-07,0,15,25,27.5
4574,1993-11-07,59.8,12,23,23.5
4575,1993-12-07,3.2,11,25,23.5
4576,1993-07-13,0,8,27,21.5
4577,1993-07-14,0,10,25,22.5
4578,1993-07-15,0,14,26,27.0
4579,1993-07-16,0,17,31,32.5
4580,1993-07-17,0.8,16,30,31.0
4581,1993-07-18,0,20,30,35.0
4582,1993-07-19,5.8,17,26,30.0
4583,1993-07-20,30.6,15,24,27.0
4584,1993-07-21,5.8,14,28,28.0
4585,1993-07-22,0.2,13,30,28.0
4586,1993-07-23,0,9,30,24.0
4587,1993-07-24,0,11,28,25.0
4588,1993-07-25,0,15,27,28.5
4589,1993-07-26,0,14,31,29.5
4590,1993-07-27,0,14,26,27.0
4591,1993-07-28,0,16,31,31.5
4592,1993-07-29,0,17,32,33.0
4593,1993-07-30,0,18,32,34.0
4594,1993-07-31,0,16,32,32.0
4595,1993-01-08,0,13,32,29.0
4596,1993-02-08,0,17,32,33.0
4597,1993-03-08,0,16,35,33.5
4598,1993-04-08,0,17,34,34.0
4599,1993-05-08,0,20,33,36.5
4600,1993-06-08,0,17,32,33.0
4601,1993-07-08,0,16,31,31.5
4602,1993-08-08,11.4,17,31,32.5
4603,1993-09-08,0.2,14,31,29.5
4604,1993-10-08,0,12,28,26.0
4605,1993-11-08,2.6,14,31,29.5
4606,1993-12-08,0,17,29,31.5
4607,1993-08-13,0,14,33,30.5
4608,1993-08-14,0,15,33,31.5
4609,1993-08-15,0,14,33,30.5
4610,1993-08-16,0,17,35,34.5
4611,1993-08-17,0,16,37,34.5
4612,1993-08-18,1.2,16,33,32.5
4613,1993-08-19,0,16,31,31.5
4614,1993-08-20,0,17,36,35.0
4615,1993-08-21,0,16,32,32.0
4616,1993-08-22,0,17,32,33.0
4617,1993-08-23,0,18,32,34.0
4618,1993-08-24,0.4,18,29,32.5
4619,1993-08-25,17.8,17,30,32.0
4620,1993-08-26,0,16,27,29.5
4621,1993-08-27,3,17,20,27.0
4622,1993-08-28,25,15,27,28.5
4623,1993-08-29,0,8,28,22.0
4624,1993-08-30,0,7,23,18.5
4625,1993-08-31,0,12,30,27.0
4626,1993-01-09,0,9,28,23.0
4627,1993-02-09,0,9,25,21.5
4628,1993-03-09,0,11,22,22.0
4629,1993-04-09,0,8,17,16.5
4630,1993-05-09,4.8,6,26,19.0
4631,1993-06-09,0,7,22,18.0
4632,1993-07-09,0,10,23,21.5
4633,1993-08-09,0.2,14,17,22.5
4634,1993-09-09,1.6,15,19,24.5
4635,1993-10-09,9.8,13,26,26.0
4636,1993-11-09,0,11,24,23.0
4637,1993-12-09,0.2,12,26,25.0
4638,1993-09-13,0.4,13,19,22.5
4639,1993-09-14,22,10,23,21.5
4640,1993-09-15,0,7,23,18.5
4641,1993-09-16,0,10,24,22.0
4642,1993-09-17,0,11,24,23.0
4643,1993-09-18,0.2,14,27,27.5
4644,1993-09-19,0,14,27,27.5
4645,1993-09-20,0,14,28,28.0
4646,1993-09-21,0,15,29,29.5
4647,1993-09-22,0,14,27,27.5
4648,1993-09-23,4,15,28,29.0
4649,1993-09-24,19.2,14,18,23.0
4650,1993-09-25,21.4,14,17,22.5
4651,1993-09-26,19.2,11,16,19.0
4652,1993-09-27,1,9,18,18.0
4653,1993-09-28,3.6,9,14,16.0
4654,1993-09-29,11.2,7,20,17.0
4655,1993-09-30,0,6,19,15.5
4656,1993-01-10,10.4,11,16,19.0
4657,1993-02-10,18.2,9,12,15.0
4658,1993-03-10,81.4,9,18,18.0
4659,1993-04-10,0,6,19,15.5
4660,1993-05-10,0,4,17,12.5
4661,1993-06-10,8.8,12,17,20.5
4662,1993-07-10,14,9,17,17.5
4663,1993-08-10,16,11,12,17.0
4664,1993-09-10,42,10,17,18.5
4665,1993-10-10,0,9,13,15.5
4666,1993-11-10,0.6,11,14,18.0
4667,1993-12-10,0.2,12,19,21.5
4668,1993-10-13,17.2,14,21,24.5
4669,1993-10-14,12.8,13,19,22.5
4670,1993-10-15,2.8,7,17,15.5
4671,1993-10-16,0,4,16,12.0
4672,1993-10-17,2.2,10,12,16.0
4673,1993-10-18,6,10,14,17.0
4674,1993-10-19,8,11,14,18.0
4675,1993-10-20,2.6,10,17,18.5
4676,1993-10-21,6.6,7,15,14.5
4677,1993-10-22,22,5,8,9.0
4678,1993-10-23,2,5,13,11.5
4679,1993-10-24,1,7,12,13.0
4680,1993-10-25,0.6,7,12,13.0
4681,1993-10-26,0,3,10,8.0
4682,1993-10-27,0,2,10,7.0
4683,1993-10-28,0,0,7,3.5
4684,1993-10-29,0,-1,10,4.0
4685,1993-10-30,0,0,6,3.0
4686,1993-10-31,0,1,8,5.0
4687,1993-01-11,0,4,10,9.0
4688,1993-02-11,0,8,12,14.0
4689,1993-03-11,0,7,15,14.5
4690,1993-04-11,0,6,14,13.0
4691,1993-05-11,0,9,12,15.0
4692,1993-06-11,10.8,9,15,16.5
4693,1993-07-11,1.8,9,16,17.0
4694,1993-08-11,1.2,4,14,11.0
4695,1993-09-11,0,5,12,11.0
4696,1993-10-11,0,6,13,12.5
4697,1993-11-11,0,5,13,11.5
4698,1993-12-11,0.8,7,10,12.0
4699,1993-11-13,17.4,3,11,8.5
4700,1993-11-14,0,2,9,6.5
4701,1993-11-15,0,3,13,9.5
4702,1993-11-16,0,2,11,7.5
4703,1993-11-17,0,-3,5,-0.5
4704,1993-11-18,0,-4,5,-1.5
4705,1993-11-19,0,-4,4,-2.0
4706,1993-11-20,0,-7,2,-6.0
4707,1993-11-21,0,-2,1,-1.5
4708,1993-11-22,0,-5,3,-3.5
4709,1993-11-23,0,-5,2,-4.0
4710,1993-11-24,0,-2,6,1.0
4711,1993-11-25,0,-2,5,0.5
4712,1993-11-26,0,-1,7,2.5
4713,1993-11-27,0,-3,5,-0.5
4714,1993-11-28,0,-3,2,-2.0
4715,1993-11-29,0,-5,3,-3.5
4716,1993-11-30,0,-6,4,-4.0
4717,1993-01-12,0,-3,4,-1.0
4718,1993-02-12,0,-2,4,0.0
4719,1993-03-12,0,-1,7,2.5
4720,1993-04-12,0,-2,3,-0.5
4721,1993-05-12,0,-2,7,1.5
4722,1993-06-12,0,-3,7,0.5
4723,1993-07-12,0,-3,2,-2.0
4724,1993-08-12,0.2,-1,3,0.5
4725,1993-09-12,0,0,6,3.0
4726,1993-10-12,0,-2,2,-1.0
4727,1993-11-12,0,0,6,3.0
4728,1993-12-12,0,-4,6,-1.0
4729,1993-12-13,0,-5,4,-3.0
4730,1993-12-14,2,0,1,0.5
4731,1993-12-15,8.2,0,4,2.0
4732,1993-12-16,0,-2,7,1.5
4733,1993-12-17,0.8,-1,7,2.5
4734,1993-12-18,0,-2,3,-0.5
4735,1993-12-19,0,-3,4,-1.0
4736,1993-12-20,0,-2,5,0.5
4737,1993-12-21,0,-1,7,2.5
4738,1993-12-22,0,-4,10,1.0
4739,1993-12-23,0,-6,1,-5.5
4740,1993-12-24,2.8,-5,4,-3.0
4741,1993-12-25,16.6,-7,4,-5.0
4742,1993-12-26,0,-6,6,-3.0
4743,1993-12-27,0,-3,6,0.0
4744,1993-12-28,0,-11,-1,-11.5
4745,1993-12-29,0,-9,-2,-10.0
4746,1993-12-30,0,-8,-1,-8.5
4747,1993-12-31,0,-9,0,-9.0
5844,1997-01-01,11.6,-3,1,-2.5
5845,1997-02-01,1.2,-3,2,-2.0
5846,1997-03-01,9.6,0,3,1.5
5847,1997-04-01,19.6,1,3,2.5
5848,1997-05-01,0,0,2,1.0
5849,1997-06-01,0.8,0,4,2.0
5850,1997-07-01,1,-1,4,1.0
5851,1997-08-01,0,-3,2,-2.0
5852,1997-09-01,0,-1,2,0.0
5853,1997-10-01,0,-2,4,0.0
5854,1997-11-01,0,0,8,4.0
5855,1997-12-01,0,0,5,2.5
5856,1997-01-13,0,-2,5,0.5
5857,1997-01-14,0,-2,4,0.0
5858,1997-01-15,0,-2,5,0.5
5859,1997-01-16,0,-1,5,1.5
5860,1997-01-17,0,-4,3,-2.5
5861,1997-01-18,0,-5,1,-4.5
5862,1997-01-19,0,-6,1,-5.5
5863,1997-01-20,5,0,2,1.0
5864,1997-01-21,3.6,1,5,3.5
5865,1997-01-22,0,1,7,4.5
5866,1997-01-23,0,0,7,3.5
5867,1997-01-24,0,-1,7,2.5
5868,1997-01-25,0,-1,5,1.5
5869,1997-01-26,0,-1,6,2.0
5870,1997-01-27,0,-2,5,0.5
5871,1997-01-28,0,-2,5,0.5
5872,1997-01-29,0,-3,3,-1.5
5873,1997-01-30,0,-4,5,-1.5
5874,1997-01-31,0,-4,6,-1.0
5875,1997-01-02,0,-4,6,-1.0
5876,1997-02-02,0,-7,6,-4.0
5877,1997-03-02,0,-6,1,-5.5
5878,1997-04-02,0.2,-6,4,-4.0
5879,1997-05-02,0,0,4,2.0
5880,1997-06-02,0,-3,11,2.5
5881,1997-07-02,0,-4,3,-2.5
5882,1997-08-02,0,-3,5,-0.5
5883,1997-09-02,0,-4,6,-1.0
5884,1997-10-02,0,-2,10,3.0
5885,1997-11-02,0,-3,9,1.5
5886,1997-12-02,0,1,7,4.5
5887,1997-02-13,0,3,10,8.0
5888,1997-02-14,1.2,1,8,5.0
5889,1997-02-15,0,0,11,5.5
5890,1997-02-16,0,-1,9,3.5
5891,1997-02-17,0,-3,5,-0.5
5892,1997-02-18,0,-5,6,-2.0
5893,1997-02-19,0,-1,10,4.0
5894,1997-02-20,0,-1,9,3.5
5895,1997-02-21,0,-3,8,1.0
5896,1997-02-22,0,-2,9,2.5
5897,1997-02-23,0,-2,13,4.5
5898,1997-02-24,0,3,7,6.5
5899,1997-02-25,0,4,8,8.0
5900,1997-02-26,0,5,14,12.0
5901,1997-02-27,0.2,5,13,11.5
5902,1997-02-28,0,0,13,6.5
5903,1997-01-03,0,-1,13,5.5
5904,1997-02-03,0,2,12,8.0
5905,1997-03-03,0,2,17,10.5
5906,1997-04-03,0,4,17,12.5
5907,1997-05-03,0,7,18,16.0
5908,1997-06-03,0.8,8,16,16.0
5909,1997-07-03,0,3,15,10.5
5910,1997-08-03,0,0,16,8.0
5911,1997-09-03,0,-1,16,7.0
5912,1997-10-03,0,2,18,11.0
5913,1997-11-03,0,-1,17,7.5
5914,1997-12-03,0,0,20,10.0
5915,1997-03-13,0,2,21,12.5
5916,1997-03-14,0,6,21,16.5
5917,1997-03-15,0,4,22,15.0
5918,1997-03-16,0,3,23,14.5
5919,1997-03-17,0,3,25,15.5
5920,1997-03-18,0,5,18,14.0
5921,1997-03-19,1.2,6,18,15.0
5922,1997-03-20,0,0,20,10.0
5923,1997-03-21,0,2,15,9.5
5924,1997-03-22,0,-2,18,7.0
5925,1997-03-23,0,0,13,6.5
5926,1997-03-24,0,6,19,15.5
5927,1997-03-25,0,3,15,10.5
5928,1997-03-26,0,3,21,13.5
5929,1997-03-27,0,3,19,12.5
5930,1997-03-28,0,3,19,12.5
5931,1997-03-29,0,2,14,9.0
5932,1997-03-30,2,2,15,9.5
5933,1997-03-31,0,0,23,11.5
5934,1997-01-04,0,6,24,18.0
5935,1997-02-04,0,2,22,13.0
5936,1997-03-04,0,4,26,17.0
5937,1997-04-04,2.2,8,20,18.0
5938,1997-05-04,0,2,18,11.0
5939,1997-06-04,0,2,20,12.0
5940,1997-07-04,0,4,19,13.5
5941,1997-08-04,0,4,15,11.5
5942,1997-09-04,0.6,-1,18,8.0
5943,1997-10-04,0.4,4,26,17.0
5944,1997-11-04,0,3,22,14.0
5945,1997-12-04,0,8,19,17.5
5946,1997-04-13,1.4,2,22,13.0
5947,1997-04-14,0,2,18,11.0
5948,1997-04-15,0.8,2,19,11.5
5949,1997-04-16,0,0,14,7.0
5950,1997-04-17,0,-1,18,8.0
5951,1997-04-18,0,-1,19,8.5
5952,1997-04-19,0,0,19,9.5
5953,1997-04-20,0,6,14,13.0
5954,1997-04-21,1.6,4,20,14.0
5955,1997-04-22,0.2,3,16,11.0
5956,1997-04-23,0.4,2,22,13.0
5957,1997-04-24,0,1,20,11.0
5958,1997-04-25,0.8,2,22,13.0
5959,1997-04-26,0,8,21,18.5
5960,1997-04-27,7.6,9,14,16.0
5961,1997-04-28,18.2,7,22,18.0
5962,1997-04-29,0.4,9,21,19.5
5963,1997-04-30,0.6,7,24,19.0
5964,1997-01-05,0,8,25,20.5
5965,1997-02-05,0,8,25,20.5
5966,1997-03-05,0,8,28,22.0
5967,1997-04-05,0,8,25,20.5
5968,1997-05-05,0,14,19,23.5
5969,1997-06-05,1,8,15,15.5
5970,1997-07-05,28,7,18,16.0
5971,1997-08-05,1.4,6,16,14.0
5972,1997-09-05,0,5,19,14.5
5973,1997-10-05,6.8,9,20,19.0
5974,1997-11-05,0,10,23,21.5
5975,1997-12-05,0,12,19,21.5
5976,1997-05-13,3.8,11,24,23.0
5977,1997-05-14,0.2,11,32,27.0
5978,1997-05-15,0,12,31,27.5
5979,1997-05-16,0,13,29,27.5
5980,1997-05-17,0,13,29,27.5
5981,1997-05-18,0.2,11,27,24.5
5982,1997-05-19,0.6,10,27,23.5
5983,1997-05-20,0,11,26,24.0
5984,1997-05-21,8.2,11,26,24.0
5985,1997-05-22,0,11,26,24.0
5986,1997-05-23,0,8,24,20.0
5987,1997-05-24,0,11,26,24.0
5988,1997-05-25,0.2,12,17,20.5
5989,1997-05-26,1,13,24,25.0
5990,1997-05-27,0,15,25,27.5
5991,1997-05-28,0,14,25,26.5
5992,1997-05-29,1.4,5,25,17.5
5993,1997-05-30,0.2,6,30,21.0
5994,1997-05-31,0.2,7,24,19.0
5995,1997-01-06,0.8,9,16,17.0
5996,1997-02-06,4.2,9,21,19.5
5997,1997-03-06,0,8,25,20.5
5998,1997-04-06,13.2,13,25,25.5
5999,1997-05-06,0.8,14,21,24.5
6000,1997-06-06,0.6,13,27,26.5
6001,1997-07-06,0,15,29,29.5
6002,1997-08-06,0,18,27,31.5
6003,1997-09-06,9.6,16,30,31.0
6004,1997-10-06,0,18,30,33.0
6005,1997-11-06,0,18,29,32.5
6006,1997-12-06,0.8,17,32,33.0
6007,1997-06-13,15.6,17,29,31.5
6008,1997-06-14,0,16,25,28.5
6009,1997-06-15,2.6,16,30,31.0
6010,1997-06-16,0,15,30,30.0
6011,1997-06-17,3.6,17,30,32.0
6012,1997-06-18,0,16,25,28.5
6013,1997-06-19,1.4,14,19,23.5
6014,1997-06-20,24.8,13,28,27.0
6015,1997-06-21,0,14,26,27.0
6016,1997-06-22,3.2,13,22,24.0
6017,1997-06-23,26.8,11,27,24.5
6018,1997-06-24,0,10,27,23.5
6019,1997-06-25,7,8,23,19.5
6020,1997-06-26,0.8,13,18,22.0
6021,1997-06-27,91.6,12,14,19.0
6022,1997-06-28,46.2,13,27,26.5
6023,1997-06-29,0,14,26,27.0
6024,1997-06-30,21,11,24,23.0
6025,1997-01-07,0,9,24,21.0
6026,1997-02-07,0,13,26,26.0
6027,1997-03-07,0,16,26,29.0
6028,1997-04-07,0,12,28,26.0
6029,1997-05-07,35.6,15,22,26.0
6030,1997-06-07,19.4,14,28,28.0
6031,1997-07-07,0,12,24,24.0
6032,1997-08-07,0,14,31,29.5
6033,1997-09-07,0,14,29,28.5
6034,1997-10-07,0,16,26,29.0
6035,1997-11-07,0,16,30,31.0
6036,1997-12-07,0,14,29,28.5
6037,1997-07-13,0,14,31,29.5
6038,1997-07-14,0,18,29,32.5
6039,1997-07-15,1,16,33,32.5
6040,1997-07-16,0,16,29,30.5
6041,1997-07-17,0,18,28,32.0
6042,1997-07-18,5,12,24,24.0
6043,1997-07-19,11.2,12,30,27.0
6044,1997-07-20,0,12,30,27.0
6045,1997-07-21,0,10,30,25.0
6046,1997-07-22,0,11,29,25.5
6047,1997-07-23,0,15,30,30.0
6048,1997-07-24,0,18,27,31.5
6049,1997-07-25,1.4,18,32,34.0
6050,1997-07-26,0,18,33,34.5
6051,1997-07-27,0,14,30,29.0
6052,1997-07-28,0.4,15,31,30.5
6053,1997-07-29,1.6,13,27,26.5
6054,1997-07-30,1.2,12,31,27.5
6055,1997-07-31,0,13,30,28.0
6056,1997-01-08,8.8,15,26,28.0
6057,1997-02-08,0,10,29,24.5
6058,1997-03-08,0,13,30,28.0
6059,1997-04-08,0,16,32,32.0
6060,1997-05-08,0,18,32,34.0
6061,1997-06-08,3,17,32,33.0
6062,1997-07-08,0.8,19,27,32.5
6063,1997-08-08,11.4,17,30,32.0
6064,1997-09-08,0.4,15,35,32.5
6065,1997-10-08,0,17,31,32.5
6066,1997-11-08,0,17,29,31.5
6067,1997-12-08,0,17,31,32.5
6068,1997-08-13,0,18,31,33.5
6069,1997-08-14,3.6,15,33,31.5
6070,1997-08-15,2.2,17,33,33.5
6071,1997-08-16,10.8,16,31,31.5
6072,1997-08-17,11.8,17,20,27.0
6073,1997-08-18,7.8,16,28,30.0
6074,1997-08-19,0,15,29,29.5
6075,1997-08-20,0.8,16,30,31.0
6076,1997-08-21,3.4,14,28,28.0
6077,1997-08-22,0.8,13,30,28.0
6078,1997-08-23,0,14,30,29.0
6079,1997-08-24,0,16,30,31.0
6080,1997-08-25,0,15,31,30.5
6081,1997-08-26,0,17,30,32.0
6082,1997-08-27,0,18,30,33.0
6083,1997-08-28,0,18,26,31.0
6084,1997-08-29,7,13,28,27.0
6085,1997-08-30,0,12,25,24.5
6086,1997-08-31,0,10,32,26.0
6087,1997-01-09,0,13,31,28.5
6088,1997-02-09,0,17,32,33.0
6089,1997-03-09,0,15,31,30.5
6090,1997-04-09,0,14,31,29.5
6091,1997-05-09,5.2,16,31,31.5
6092,1997-06-09,0,16,31,31.5
6093,1997-07-09,0,17,26,30.0
6094,1997-08-09,2.8,15,30,30.0
6095,1997-09-09,0,16,32,32.0
6096,1997-10-09,0,14,33,30.5
6097,1997-11-09,0,13,26,26.0
6098,1997-12-09,0,16,28,30.0
6099,1997-09-13,0,16,23,27.5
6100,1997-09-14,0,12,28,26.0
6101,1997-09-15,0,7,26,20.0
6102,1997-09-16,0,8,27,21.5
6103,1997-09-17,0,8,28,22.0
6104,1997-09-18,0,10,29,24.5
6105,1997-09-19,0,10,29,24.5
6106,1997-09-20,0,10,26,23.0
6107,1997-09-21,1.2,15,23,26.5
6108,1997-09-22,0,11,26,24.0
6109,1997-09-23,0,9,26,22.0
6110,1997-09-24,0,10,28,24.0
6111,1997-09-25,0,8,24,20.0
6112,1997-09-26,0,8,21,18.5
6113,1997-09-27,0,7,25,19.5
6114,1997-09-28,0,6,23,17.5
6115,1997-09-29,0.2,12,25,24.5
6116,1997-09-30,0,9,25,21.5
6117,1997-01-10,0,8,23,19.5
6118,1997-02-10,0,11,26,24.0
6119,1997-03-10,0,12,24,24.0
6120,1997-04-10,0,9,22,20.0
6121,1997-05-10,0,7,21,17.5
6122,1997-06-10,0,12,21,22.5
6123,1997-07-10,0.2,15,21,25.5
6124,1997-08-10,0,16,24,28.0
6125,1997-09-10,0,12,23,23.5
6126,1997-10-10,0,15,21,25.5
6127,1997-11-10,0,7,21,17.5
6128,1997-12-10,0,8,19,17.5
6129,1997-10-13,1.2,7,18,16.0
6130,1997-10-14,0,6,15,13.5
6131,1997-10-15,0,-1,14,6.0
6132,1997-10-16,0,1,12,7.0
6133,1997-10-17,0,0,15,7.5
6134,1997-10-18,0,2,13,8.5
6135,1997-10-19,0,2,12,8.0
6136,1997-10-20,0,3,18,12.0
6137,1997-10-21,0,9,17,17.5
6138,1997-10-22,1.2,10,15,17.5
6139,1997-10-23,0,9,15,16.5
6140,1997-10-24,0,7,18,16.0
6141,1997-10-25,0,-1,12,5.0
6142,1997-10-26,0,-2,9,2.5
6143,1997-10-27,0,0,12,6.0
6144,1997-10-28,0,-4,8,0.0
6145,1997-10-29,0,-5,4,-3.0
6146,1997-10-30,0,-5,8,-1.0
6147,1997-10-31,0,1,11,6.5
6148,1997-01-11,0,-2,9,2.5
6149,1997-02-11,0,0,8,4.0
6150,1997-03-11,0,0,9,4.5
6151,1997-04-11,0,-2,12,4.0
6152,1997-05-11,0,6,10,11.0
6153,1997-06-11,14,7,10,12.0
6154,1997-07-11,54.8,9,16,17.0
6155,1997-08-11,8.4,7,14,14.0
6156,1997-09-11,1,5,11,10.5
6157,1997-10-11,27.4,5,11,10.5
6158,1997-11-11,3,7,12,13.0
6159,1997-12-11,29,5,8,9.0
6160,1997-11-13,20.2,3,13,9.5
6161,1997-11-14,0,-2,11,3.5
6162,1997-11-15,0,-2,7,1.5
6163,1997-11-16,0,-2,6,1.0
6164,1997-11-17,0,-3,7,0.5
6165,1997-11-18,0,-3,4,-1.0
6166,1997-11-19,0,-1,6,2.0
6167,1997-11-20,0,-2,6,1.0
6168,1997-11-21,0,-2,7,1.5
6169,1997-11-22,0,-1,7,2.5
6170,1997-11-23,0,1,8,5.0
6171,1997-11-24,0,0,8,4.0
6172,1997-11-25,0,3,7,6.5
6173,1997-11-26,0.2,-1,9,3.5
6174,1997-11-27,0,-1,8,3.0
6175,1997-11-28,0,4,8,8.0
6176,1997-11-29,1.8,5,8,9.0
6177,1997-11-30,1.8,6,11,11.5
6178,1997-01-12,0,2,13,8.5
6179,1997-02-12,0,-1,7,2.5
6180,1997-03-12,12,4,8,8.0
6181,1997-04-12,0,-2,8,2.0
6182,1997-05-12,0,-2,2,-1.0
6183,1997-06-12,0,-6,2,-5.0
6184,1997-07-12,0,-7,0,-7.0
6185,1997-08-12,0,-5,3,-3.5
6186,1997-09-12,0,-4,3,-2.5
6187,1997-10-12,0,-2,4,0.0
6188,1997-11-12,0,-3,4,-1.0
6189,1997-12-12,0.4,-1,9,3.5
6190,1997-12-13,0,-2,11,3.5
6191,1997-12-14,0,-2,7,1.5
6192,1997-12-15,4,-2,6,1.0
6193,1997-12-16,0,-1,2,0.0
6194,1997-12-17,0,-3,2,-2.0
6195,1997-12-18,5.2,0,1,0.5
6196,1997-12-19,13.2,0,4,2.0
6197,1997-12-20,31.4,3,5,5.5
6198,1997-12-21,10.6,3,8,7.0
6199,1997-12-22,0,5,9,9.5
6200,1997-12-23,0,4,8,8.0
6201,1997-12-24,0,0,7,3.5
6202,1997-12-25,0,1,4,3.0
6203,1997-12-26,0,3,4,5.0
6204,1997-12-27,5.6,0,8,4.0
6205,1997-12-28,0,-1,4,1.0
6206,1997-12-29,0,-2,4,0.0
6207,1997-12-30,0,-4,3,-2.5
6208,1997-12-31,0,-5,3,-3.5
7305,2001-01-01,0,-4,1,-3.5
7306,2001-02-01,0,-3,1,-2.5
7307,2001-03-01,17.2,-4,3,-2.5
7308,2001-04-01,0,0,2,1.0
7309,2001-05-01,1.2,-2,4,0.0
7310,2001-06-01,5.4,0,2,1.0
7311,2001-07-01,47.2,1,3,2.5
7312,2001-08-01,27.2,2,8,6.0
7313,2001-09-01,0.6,2,8,6.0
7314,2001-10-01,0,1,3,2.5
7315,2001-11-01,1.8,2,5,4.5
7316,2001-12-01,0,0,6,3.0
7317,2001-01-13,0,0,6,3.0
7318,2001-01-14,0,-4,4,-2.0
7319,2001-01-15,0,-7,0,-7.0
7320,2001-01-16,0,-7,-2,-8.0
7321,2001-01-17,0,-8,0,-8.0
7322,2001-01-18,3,-2,2,-1.0
7323,2001-01-19,0,-3,4,-1.0
7324,2001-01-20,0,-1,3,0.5
7325,2001-01-21,0,-4,2,-3.0
7326,2001-01-22,0,-3,1,-2.5
7327,2001-01-23,1.6,0,5,2.5
7328,2001-01-24,0,1,3,2.5
7329,2001-01-25,15.4,2,5,4.5
7330,2001-01-26,11.4,1,6,4.0
7331,2001-01-27,3.4,2,6,5.0
7332,2001-01-28,4.2,-1,4,1.0
7333,2001-01-29,0,-1,6,2.0
7334,2001-01-30,0,4,9,8.5
7335,2001-01-31,0,0,8,4.0
7336,2001-01-02,0,-2,5,0.5
7337,2001-02-02,0,-6,5,-3.5
7338,2001-03-02,0,-6,3,-4.5
7339,2001-04-02,0,-6,5,-3.5
7340,2001-05-02,0,-2,7,1.5
7341,2001-06-02,0,-1,7,2.5
7342,2001-07-02,0,4,8,8.0
7343,2001-08-02,0,3,9,7.5
7344,2001-09-02,18.4,4,9,8.5
7345,2001-10-02,10.2,3,11,8.5
7346,2001-11-02,0,2,10,7.0
7347,2001-12-02,0,-1,10,4.0
7348,2001-02-13,0,0,13,6.5
7349,2001-02-14,0,0,13,6.5
7350,2001-02-15,0,-2,7,1.5
7351,2001-02-16,0,-1,7,2.5
7352,2001-02-17,0,-3,9,1.5
7353,2001-02-18,0,1,14,8.0
7354,2001-02-19,0,0,12,6.0
7355,2001-02-20,0,0,14,7.0
7356,2001-02-21,0,-2,11,3.5
7357,2001-02-22,0,8,14,15.0
7358,2001-02-23,0,0,13,6.5
7359,2001-02-24,0,0,10,5.0
7360,2001-02-25,0,-3,7,0.5
7361,2001-02-26,0,-2,5,0.5
7362,2001-02-27,0,-5,6,-2.0
7363,2001-02-28,0,-2,3,-0.5
7364,2001-01-03,2.4,-1,7,2.5
7365,2001-02-03,0,-1,8,3.0
7366,2001-03-03,15.8,0,3,1.5
7367,2001-04-03,5.6,2,11,7.5
7368,2001-05-03,5,6,17,14.5
7369,2001-06-03,0.4,5,11,10.5
7370,2001-07-03,0,5,10,10.0
7371,2001-08-03,0,6,7,9.5
7372,2001-09-03,21.6,4,7,7.5
7373,2001-10-03,6.2,5,10,10.0
7374,2001-11-03,0,6,16,14.0
7375,2001-12-03,0,7,11,12.5
7376,2001-03-13,33.4,6,16,14.0
7377,2001-03-14,2.6,5,20,15.0
7378,2001-03-15,0,1,17,9.5
7379,2001-03-16,0,6,15,13.5
7380,2001-03-17,5.2,7,11,12.5
7381,2001-03-18,11.4,5,17,13.5
7382,2001-03-19,0,9,18,18.0
7383,2001-03-20,0,6,18,15.0
7384,2001-03-21,0,6,14,13.0
7385,2001-03-22,4.6,10,21,20.5
7386,2001-03-23,0,7,21,17.5
7387,2001-03-24,0,6,20,16.0
7388,2001-03-25,0,7,19,16.5
7389,2001-03-26,5.8,6,17,14.5
7390,2001-03-27,6,8,21,18.5
7391,2001-03-28,0,8,14,15.0
7392,2001-03-29,6.4,7,12,13.0
7393,2001-03-30,31.4,5,11,10.5
7394,2001-03-31,14,6,22,17.0
7395,2001-01-04,0,3,20,13.0
7396,2001-02-04,0,4,22,15.0
7397,2001-03-04,0,3,21,13.5
7398,2001-04-04,0,8,17,16.5
7399,2001-05-04,12.2,6,17,14.5
7400,2001-06-04,0,4,19,13.5
7401,2001-07-04,0.4,6,13,12.5
7402,2001-08-04,24.4,5,18,14.0
7403,2001-09-04,0,6,20,16.0
7404,2001-10-04,0,2,19,11.5
7405,2001-11-04,15.6,7,16,15.0
7406,2001-12-04,0,8,22,19.0
7407,2001-04-13,0,5,18,14.0
7408,2001-04-14,0,2,13,8.5
7409,2001-04-15,10.2,0,15,7.5
7410,2001-04-16,0,7,14,14.0
7411,2001-04-17,0.4,4,19,13.5
7412,2001-04-18,0,1,15,8.5
7413,2001-04-19,0.2,8,16,16.0
7414,2001-04-20,13.6,4,9,8.5
7415,2001-04-21,12.6,3,10,8.0
7416,2001-04-22,4,4,19,13.5
7417,2001-04-23,0,3,18,12.0
7418,2001-04-24,0,2,22,13.0
7419,2001-04-25,0,7,14,14.0
7420,2001-04-26,1.8,9,24,21.0
7421,2001-04-27,0,6,20,16.0
7422,2001-04-28,0,5,24,17.0
7423,2001-04-29,0,8,21,18.5
7424,2001-04-30,0,6,21,16.5
7425,2001-01-05,0,10,27,23.5
7426,2001-02-05,0,9,28,23.0
7427,2001-03-05,0,11,20,21.0
7428,2001-04-05,0,10,22,21.0
7429,2001-05-05,22.8,11,22,22.0
7430,2001-06-05,0,11,23,22.5
7431,2001-07-05,0,12,26,25.0
7432,2001-08-05,0,11,29,25.5
7433,2001-09-05,0,12,25,24.5
7434,2001-10-05,0.2,11,27,24.5
7435,2001-11-05,12.8,10,29,24.5
7436,2001-12-05,0,9,29,23.5
7437,2001-05-13,0,8,25,20.5
7438,2001-05-14,0,15,24,27.0
7439,2001-05-15,0.8,13,19,22.5
7440,2001-05-16,0.4,13,24,25.0
7441,2001-05-17,0,15,24,27.0
7442,2001-05-18,22.8,15,25,27.5
7443,2001-05-19,1.4,8,28,22.0
7444,2001-05-20,0,7,26,20.0
7445,2001-05-21,0,12,17,20.5
7446,2001-05-22,2.8,12,26,25.0
7447,2001-05-23,18.6,16,26,29.0
7448,2001-05-24,0,15,28,29.0
7449,2001-05-25,3.8,14,30,29.0
7450,2001-05-26,0,13,31,28.5
7451,2001-05-27,0,14,30,29.0
7452,2001-05-28,0,17,33,33.5
7453,2001-05-29,0,18,34,35.0
7454,2001-05-30,0,17,34,34.0
7455,2001-05-31,0,16,29,30.5
7456,2001-01-06,19,14,27,27.5
7457,2001-02-06,0,11,21,21.5
7458,2001-03-06,0.6,9,17,17.5
7459,2001-04-06,12.6,6,26,19.0
7460,2001-05-06,0,9,25,21.5
7461,2001-06-06,0.8,12,20,22.0
7462,2001-07-06,4,9,27,22.5
7463,2001-08-06,0,15,27,28.5
7464,2001-09-06,1.2,16,23,27.5
7465,2001-10-06,0.6,14,21,24.5
7466,2001-11-06,58.4,10,24,22.0
7467,2001-12-06,0.2,8,25,20.5
7468,2001-06-13,0,9,27,22.5
7469,2001-06-14,0,12,31,27.5
7470,2001-06-15,0,12,29,26.5
7471,2001-06-16,0.6,14,27,27.5
7472,2001-06-17,21,13,25,25.5
7473,2001-06-18,0,10,28,24.0
7474,2001-06-19,0,13,28,27.0
7475,2001-06-20,0,12,32,28.0
7476,2001-06-21,0,9,30,24.0
7477,2001-06-22,0,12,29,26.5
7478,2001-06-23,0,13,32,29.0
7479,2001-06-24,0,16,34,33.0
7480,2001-06-25,0,15,34,32.0
7481,2001-06-26,0,20,32,36.0
7482,2001-06-27,8.6,16,32,32.0
7483,2001-06-28,16,17,24,29.0
7484,2001-06-29,1.2,17,32,33.0
7485,2001-06-30,0,18,32,34.0
7486,2001-01-07,7.6,17,32,33.0
7487,2001-02-07,0,15,33,31.5
7488,2001-03-07,0,15,30,30.0
7489,2001-04-07,0,19,28,33.0
7490,2001-05-07,0,19,30,34.0
7491,2001-06-07,0,20,31,35.5
7492,2001-07-07,0,17,31,32.5
7493,2001-08-07,9.4,15,31,30.5
7494,2001-09-07,0,18,30,33.0
7495,2001-10-07,0,17,29,31.5
7496,2001-11-07,17.6,15,30,30.0
7497,2001-12-07,0,20,31,35.5
7498,2001-07-13,0,19,29,33.5
7499,2001-07-14,13.4,17,31,32.5
7500,2001-07-15,0,18,31,33.5
7501,2001-07-16,5.8,16,28,30.0
7502,2001-07-17,0.2,17,29,31.5
7503,2001-07-18,0,13,25,25.5
7504,2001-07-19,12.8,16,28,30.0
7505,2001-07-20,39,14,23,25.5
7506,2001-07-21,0,13,32,29.0
7507,2001-07-22,0,12,31,27.5
7508,2001-07-23,0,13,32,29.0
7509,2001-07-24,0,17,31,32.5
7510,2001-07-25,0.2,16,32,32.0
7511,2001-07-26,0,17,32,33.0
7512,2001-07-27,1.4,17,31,32.5
7513,2001-07-28,14.4,17,31,32.5
7514,2001-07-29,4,20,33,36.5
7515,2001-07-30,0,19,36,37.0
7516,2001-07-31,0,18,34,35.0
7517,2001-01-08,0,19,34,36.0
7518,2001-02-08,0,17,34,34.0
7519,2001-03-08,12,19,34,36.0
7520,2001-04-08,0,18,31,33.5
7521,2001-05-08,12,19,31,34.5
7522,2001-06-08,0,18,28,32.0
7523,2001-07-08,0,15,31,30.5
7524,2001-08-08,0,17,28,31.0
7525,2001-09-08,12.4,18,28,32.0
7526,2001-10-08,34.6,18,23,29.5
7527,2001-11-08,0,14,28,28.0
7528,2001-12-08,0,10,28,24.0
7529,2001-08-13,0,13,30,28.0
7530,2001-08-14,0,14,32,30.0
7531,2001-08-15,0,14,33,30.5
7532,2001-08-16,0,16,33,32.5
7533,2001-08-17,0,17,34,34.0
7534,2001-08-18,55.2,17,23,28.5
7535,2001-08-19,6.6,16,31,31.5
7536,2001-08-20,0,16,24,28.0
7537,2001-08-21,0.4,16,32,32.0
7538,2001-08-22,2,14,32,30.0
7539,2001-08-23,0,15,32,31.0
7540,2001-08-24,0,17,32,33.0
7541,2001-08-25,0,18,33,34.5
7542,2001-08-26,0,18,34,35.0
7543,2001-08-27,0,19,34,36.0
7544,2001-08-28,0,18,34,35.0
7545,2001-08-29,0,16,34,33.0
7546,2001-08-30,2.2,18,27,31.5
7547,2001-08-31,7.2,13,25,25.5
7548,2001-01-09,25.4,12,20,22.0
7549,2001-02-09,0.8,11,25,23.5
7550,2001-03-09,0,10,26,23.0
7551,2001-04-09,0,13,17,21.5
7552,2001-05-09,13.2,13,26,26.0
7553,2001-06-09,0,12,28,26.0
7554,2001-07-09,0,9,25,21.5
7555,2001-08-09,0,11,23,22.5
7556,2001-09-09,0,12,25,24.5
7557,2001-10-09,0,8,23,19.5
7558,2001-11-09,0,7,24,19.0
7559,2001-12-09,0,7,24,19.0
7560,2001-09-13,0,5,23,16.5
7561,2001-09-14,0,9,19,18.5
7562,2001-09-15,34.6,7,25,19.5
7563,2001-09-16,0,6,18,15.0
7564,2001-09-17,0.8,4,21,14.5
7565,2001-09-18,0,3,20,13.0
7566,2001-09-19,0,7,16,15.0
7567,2001-09-20,0.6,8,21,18.5
7568,2001-09-21,0,9,23,20.5
7569,2001-09-22,0,10,19,19.5
7570,2001-09-23,5.2,13,15,20.5
7571,2001-09-24,15.2,13,19,22.5
7572,2001-09-25,5.6,12,18,21.0
7573,2001-09-26,4.6,8,22,19.0
7574,2001-09-27,0,7,22,18.0
7575,2001-09-28,0,8,22,19.0
7576,2001-09-29,0,8,20,18.0
7577,2001-09-30,0.8,12,16,20.0
7578,2001-01-10,2.4,13,22,24.0
7579,2001-02-10,0,14,20,24.0
7580,2001-03-10,0,12,22,23.0
7581,2001-04-10,2.4,11,16,19.0
7582,2001-05-10,4,10,20,20.0
7583,2001-06-10,0,12,21,22.5
7584,2001-07-10,2.2,15,18,24.0
7585,2001-08-10,10.6,13,22,24.0
7586,2001-09-10,0,9,22,20.0
7587,2001-10-10,0,10,19,19.5
7588,2001-11-10,0,10,17,18.5
7589,2001-12-10,0,10,16,18.0
7590,2001-10-13,0,10,15,17.5
7591,2001-10-14,0,9,14,16.0
7592,2001-10-15,0,9,16,17.0
7593,2001-10-16,0,9,18,18.0
7594,2001-10-17,0,8,19,17.5
7595,2001-10-18,0,9,19,18.5
7596,2001-10-19,0,9,19,18.5
7597,2001-10-20,0,14,18,23.0
7598,2001-10-21,16.2,11,18,20.0
7599,2001-10-22,0,7,14,14.0
7600,2001-10-23,0,7,15,14.5
7601,2001-10-24,0,10,16,18.0
7602,2001-10-25,0,7,15,14.5
7603,2001-10-26,0,7,14,14.0
7604,2001-10-27,0,9,16,17.0
7605,2001-10-28,0,8,13,14.5
7606,2001-10-29,0,6,13,12.5
7607,2001-10-30,0,5,15,12.5
7608,2001-10-31,0,5,14,12.0
7609,2001-01-11,0,7,17,15.5
7610,2001-02-11,0,1,11,6.5
7611,2001-03-11,0,-1,6,2.0
7612,2001-04-11,0,-1,7,2.5
7613,2001-05-11,0,3,12,9.0
7614,2001-06-11,0,3,10,8.0
7615,2001-07-11,0,2,11,7.5
7616,2001-08-11,0,7,10,12.0
7617,2001-09-11,0,5,9,9.5
7618,2001-10-11,0,2,9,6.5
7619,2001-11-11,0,5,9,9.5
7620,2001-12-11,9.8,5,11,10.5
7621,2001-11-13,2.2,8,15,15.5
7622,2001-11-14,0,3,12,9.0
7623,2001-11-15,0,-2,6,1.0
7624,2001-11-16,0,-2,7,1.5
7625,2001-11-17,0,-5,3,-3.5
7626,2001-11-18,0,-3,3,-1.5
7627,2001-11-19,0,-2,8,2.0
7628,2001-11-20,0,-5,4,-3.0
7629,2001-11-21,0,-6,1,-5.5
7630,2001-11-22,0,-5,3,-3.5
7631,2001-11-23,0.6,1,7,4.5
7632,2001-11-24,0,-5,5,-2.5
7633,2001-11-25,0,-6,1,-5.5
7634,2001-11-26,0,-4,4,-2.0
7635,2001-11-27,0,-1,3,0.5
7636,2001-11-28,5.2,1,4,3.0
7637,2001-11-29,0,0,8,4.0
7638,2001-11-30,0,-2,3,-0.5
7639,2001-01-12,0,0,8,4.0
7640,2001-02-12,1,4,8,8.0
7641,2001-03-12,0,2,10,7.0
7642,2001-04-12,0,2,8,6.0
7643,2001-05-12,0,1,8,5.0
7644,2001-06-12,0,-1,13,5.5
7645,2001-07-12,0,3,11,8.5
7646,2001-08-12,0,-4,8,0.0
7647,2001-09-12,0,-6,0,-6.0
7648,2001-10-12,0,-5,0,-5.0
7649,2001-11-12,0,-5,1,-4.5
7650,2001-12-12,0,-7,0,-7.0
7651,2001-12-13,0,-8,6,-5.0
7652,2001-12-14,0,-6,0,-6.0
7653,2001-12-15,0,-7,2,-6.0
7654,2001-12-16,0,-10,-2,-11.0
7655,2001-12-17,0,-11,-3,-12.5
7656,2001-12-18,0,-10,-2,-11.0
7657,2001-12-19,0,-10,-3,-11.5
7658,2001-12-20,0,-10,1,-9.5
7659,2001-12-21,0,-6,1,-5.5
7660,2001-12-22,0,-8,1,-7.5
7661,2001-12-23,0,-8,5,-5.5
7662,2001-12-24,0,-7,-1,-7.5
7663,2001-12-25,0,-9,-2,-10.0
7664,2001-12-26,0,-5,2,-4.0
7665,2001-12-27,0,-7,5,-4.5
7666,2001-12-28,0,-8,2,-7.0
7667,2001-12-29,0,-10,-1,-10.5
7668,2001-12-30,0,-2,10,3.0
7669,2001-12-31,0,-1,6,2.0
8766,2005-01-01,0,-2,2.4,-0.8
8767,2005-02-01,0,-1.5,4.1,0.5499999999999998
8768,2005-03-01,0,-0.4,9.2,4.199999999999999
8769,2005-04-01,0,-1.4,7.8,2.5
8770,2005-05-01,0,-2.4,5.4,0.30000000000000027
8771,2005-06-01,0,-4.4,9.3,0.25
8772,2005-07-01,0,-2,7,1.5
8773,2005-08-01,0,-3.2,2.8,-1.8000000000000003
8774,2005-09-01,0,-3.3,2.4,-2.0999999999999996
8775,2005-10-01,0,-1.8,3.8,0.09999999999999987
8776,2005-11-01,0,-4,3.2,-2.4
8777,2005-12-01,0,-3,3.3,-1.35
8778,2005-01-13,0,-2.3,5.4,0.40000000000000036
8779,2005-01-14,0,-5,1.4,-4.3
8780,2005-01-15,0,-5.8,0.4,-5.6
8781,2005-01-16,0,-6,0.4,-5.8
8782,2005-01-17,0,-5.4,0.8,-5.0
8783,2005-01-18,0,-6.3,0.4,-6.1
8784,2005-01-19,7.6,-0.4,10,4.6
8785,2005-01-20,0,-3.6,5.6,-0.8000000000000003
8786,2005-01-21,0,-4.4,11,1.0999999999999996
8787,2005-01-22,0,1.4,9.6,6.199999999999999
8788,2005-01-23,0,-2,3.8,-0.10000000000000009
8789,2005-01-24,0,-3.1,4.4,-0.8999999999999999
8790,2005-01-25,0,-3,3.6,-1.2
8791,2005-01-26,0,-0.4,3.2,1.2000000000000002
8792,2005-01-27,0,-0.8,4.5,1.45
8793,2005-01-28,0,-4.1,0.9,-3.6499999999999995
8794,2005-01-29,0,-4.1,3.7,-2.2499999999999996
8795,2005-01-30,0,-6,5,-3.5
8796,2005-01-31,0,-6.7,7,-3.2
8797,2005-01-02,0,0.4,9,4.9
8798,2005-02-02,0,-2.2,9.6,2.5999999999999996
8799,2005-03-02,0,-3.3,12.2,2.8
8800,2005-04-02,0,-2.4,6.8,1.0
8801,2005-05-02,0,-2.4,4.6,-0.10000000000000009
8802,2005-06-02,0,-6,3.2,-4.4
8803,2005-07-02,0,-6.8,4,-4.8
8804,2005-08-02,0,-4.4,2.2,-3.3000000000000003
8805,2005-09-02,0,-2.6,5.2,0.0
8806,2005-10-02,0,-2.4,5.8,0.5
8807,2005-11-02,0,-2.8,9.3,1.8500000000000005
8808,2005-12-02,0,-1.1,8,2.9
8809,2005-02-13,0,2.2,10.4,7.4
8810,2005-02-14,0,3.3,7.6,7.1
8811,2005-02-15,0,0.4,8.4,4.6000000000000005
8812,2005-02-16,0,2,6.8,5.4
8813,2005-02-17,0,0.4,8.4,4.6000000000000005
8814,2005-02-18,0,-2.7,5.4,0.0
8815,2005-02-19,0,-3.2,6.8,0.19999999999999973
8816,2005-02-20,0,-0.8,6.4,2.4000000000000004
8817,2005-02-21,0,0.6,6.4,3.8000000000000003
8818,2005-02-22,0,-0.2,5,2.3
8819,2005-02-23,0,-1.1,6.2,2.0
8820,2005-02-24,0,-1.5,6.4,1.7000000000000002
8821,2005-02-25,0,-2.3,7.2,1.3000000000000003
8822,2005-02-26,0,0.4,6.2,3.5
8823,2005-02-27,0,-3.4,6.2,-0.2999999999999998
8824,2005-02-28,0,-4.8,1.4,-4.1
8825,2005-01-03,0,-8.2,1.4,-7.499999999999999
8826,2005-02-03,0,-7.4,4.6,-5.1000000000000005
8827,2005-03-03,0,-5.8,-0.2,-5.8999999999999995
8828,2005-04-03,5.8,-4.9,3,-3.4000000000000004
8829,2005-05-03,0,-2.4,5.2,0.20000000000000018
8830,2005-06-03,0,-4.6,7.8,-0.6999999999999997
8831,2005-07-03,0,-1.8,6.2,1.3
8832,2005-08-03,0,-3.9,10.8,1.5000000000000004
8833,2005-09-03,0,1.2,12.8,7.6000000000000005
8834,2005-10-03,0,1.4,13.2,8.0
8835,2005-11-03,0,-3.4,10.3,1.7500000000000004
8836,2005-12-03,0,1.6,14.4,8.8
8837,2005-03-13,0,4.2,12.4,10.4
8838,2005-03-14,0,1.3,14,8.3
8839,2005-03-15,0,2.8,16.4,11.0
8840,2005-03-16,0,4,18,13.0
8841,2005-03-17,0,4.2,19.6,14.0
8842,2005-03-18,0,4.5,24.4,16.7
8843,2005-03-19,0,7,26.2,20.1
8844,2005-03-20,0,5.8,18.4,15.0
8845,2005-03-21,0,8.8,17.4,17.5
8846,2005-03-22,0,3.7,15.6,11.5
8847,2005-03-23,0,6.1,17.4,14.799999999999999
8848,2005-03-24,0,10,18.8,19.4
8849,2005-03-25,0.4,10.8,16.6,19.1
8850,2005-03-26,0,11.2,17.2,19.799999999999997
8851,2005-03-27,0,10.4,19.6,20.200000000000003
8852,2005-03-28,1.8,8.6,22.8,20.0
8853,2005-03-29,0.8,9.6,16.8,18.0
8854,2005-03-30,4.8,6.9,18.8,16.3
8855,2005-03-31,0.4,7.6,18.6,16.9
8856,2005-01-04,0,8.4,18.6,17.700000000000003
8857,2005-02-04,0,5.8,19,15.3
8858,2005-03-04,0,3.1,19.6,12.9
8859,2005-04-04,0,3,20,13.0
8860,2005-05-04,0,3.2,19.6,13.0
8861,2005-06-04,0,4.8,20.4,15.0
8862,2005-07-04,0,7.6,17.2,16.2
8863,2005-08-04,0,7.8,13.4,14.5
8864,2005-09-04,23.4,6.8,12.5,13.05
8865,2005-10-04,0,9.7,14.5,16.95
8866,2005-11-04,0,10.2,15.2,17.799999999999997
8867,2005-12-04,0,7,15,14.5
8868,2005-04-13,0,7.2,22.2,18.3
8869,2005-04-14,0,8.1,22.4,19.299999999999997
8870,2005-04-15,0,9.3,21.2,19.9
8871,2005-04-16,0,6.8,14.8,14.2
8872,2005-04-17,15.8,2.9,16.4,11.1
8873,2005-04-18,0,5.6,21.2,16.2
8874,2005-04-19,1,9.2,16.9,17.65
8875,2005-04-20,11.6,7.6,17.4,16.299999999999997
8876,2005-04-21,0,6.8,19.6,16.6
8877,2005-04-22,0,3.6,17.6,12.4
8878,2005-04-23,0,5.6,16.7,13.95
8879,2005-04-24,0,9.6,13.6,16.4
8880,2005-04-25,6,8.5,12,14.5
8881,2005-04-26,1.6,6.3,24.4,18.5
8882,2005-04-27,0,8.8,24.4,21.0
8883,2005-04-28,0,11.2,23.2,22.799999999999997
8884,2005-04-29,0,13.2,26,26.2
8885,2005-04-30,0,10.2,27.3,23.85
8886,2005-01-05,0,13.6,28.4,27.799999999999997
8887,2005-02-05,0,14.2,28.2,28.299999999999997
8888,2005-03-05,0,14,27.6,27.8
8889,2005-04-05,11.4,12.2,26,25.2
8890,2005-05-05,0.8,11.6,24,23.6
8891,2005-06-05,0,7.4,24.1,19.450000000000003
8892,2005-07-05,0,10.4,24,22.4
8893,2005-08-05,0,12.8,22.1,23.85
8894,2005-09-05,2.6,8.9,18.4,18.1
8895,2005-10-05,0,11,17.2,19.6
8896,2005-11-05,0.2,10.1,23.2,21.7
8897,2005-12-05,0,11.8,23.8,23.700000000000003
8898,2005-05-13,0,10.6,24.4,22.799999999999997
8899,2005-05-14,0,12,18.6,21.3
8900,2005-05-15,0.8,11.6,23.8,23.5
8901,2005-05-16,0.2,12.6,21.7,23.45
8902,2005-05-17,6.6,10.3,22.8,21.700000000000003
8903,2005-05-18,29.2,11,17,19.5
8904,2005-05-19,6.6,12.4,26,25.4
8905,2005-05-20,0,11.4,25.4,24.1
8906,2005-05-21,0,10.5,27.2,24.1
8907,2005-05-22,0,16.8,27.8,30.700000000000003
8908,2005-05-23,0,12.8,21.4,23.5
8909,2005-05-24,3.4,12.4,27.3,26.05
8910,2005-05-25,0,12.5,29.3,27.15
8911,2005-05-26,0,13.4,29.4,28.1
8912,2005-05-27,0,14.3,31.4,30.0
8913,2005-05-28,0,15.2,32.4,31.4
8914,2005-05-29,0,18.2,32.8,34.599999999999994
8915,2005-05-30,0,16.4,32.4,32.599999999999994
8916,2005-05-31,5,17.6,29.6,32.400000000000006
8917,2005-01-06,0.6,16.1,26,29.1
8918,2005-02-06,0,17,26.8,30.4
8919,2005-03-06,0,13.2,28.6,27.5
8920,2005-04-06,0,15.9,27.2,29.5
8921,2005-05-06,0,17,27.8,30.9
8922,2005-06-06,4.4,15.6,24.1,27.65
8923,2005-07-06,0,14.2,26.4,27.4
8924,2005-08-06,0,11.4,22.2,22.5
8925,2005-09-06,0,12.6,21.6,23.4
8926,2005-10-06,0,10,26,23.0
8927,2005-11-06,0,11.2,24.6,23.5
8928,2005-12-06,0,15.8,24,27.8
8929,2005-06-13,0,18.2,26,31.2
8930,2005-06-14,0,16,21.2,26.6
8931,2005-06-15,12.4,15.4,26.8,28.8
8932,2005-06-16,0.2,17,32.4,33.2
8933,2005-06-17,0,16.8,32,32.8
8934,2005-06-18,0,16.6,36.6,34.900000000000006
8935,2005-06-19,0,21.3,32.4,37.5
8936,2005-06-20,0,19.6,31.2,35.2
8937,2005-06-21,0,19.7,33.3,36.349999999999994
8938,2005-06-22,0,19.6,34.8,37.0
8939,2005-06-23,0,20.4,35.6,38.2
8940,2005-06-24,0,21.6,33,38.1
8941,2005-06-25,0,19.6,33.2,36.2
8942,2005-06-26,3,17.6,37.3,36.25
8943,2005-06-27,0,21.2,35.2,38.8
8944,2005-06-28,0,20.8,35.8,38.7
8945,2005-06-29,0,19.8,30.8,35.2
8946,2005-06-30,16.8,19,32.4,35.2
8947,2005-01-07,2.6,17.6,27,31.1
8948,2005-02-07,3,17.2,30.8,32.6
8949,2005-03-07,0,16.9,31.2,32.5
8950,2005-04-07,0,20.6,30.2,35.7
8951,2005-05-07,5.4,14.8,23.6,26.6
8952,2005-06-07,3.4,13.6,27.2,27.2
8953,2005-07-07,0.6,13.3,21.4,24.0
8954,2005-08-07,24,12.8,27,26.3
8955,2005-09-07,0.2,14.8,22.4,26.0
8956,2005-10-07,0.2,15,23.8,26.9
8957,2005-11-07,1.4,14.8,29.2,29.4
8958,2005-12-07,0,17.2,30,32.2
8959,2005-07-13,0,14.8,31.2,30.4
8960,2005-07-14,0,18,33,34.5
8961,2005-07-15,0,19,32.4,35.2
8962,2005-07-16,0.6,17.6,30.8,33.0
8963,2005-07-17,0,18.6,33.6,35.400000000000006
8964,2005-07-18,0,20,31.4,35.7
8965,2005-07-19,7.6,16.1,30.9,31.55
8966,2005-07-20,0,19.2,31.2,34.8
8967,2005-07-21,0,18.2,33.4,34.9
8968,2005-07-22,0,14.4,30.4,29.6
8969,2005-07-23,6.4,14,28,28.0
8970,2005-07-24,12.8,16,28.4,30.2
8971,2005-07-25,0,19,29.7,33.85
8972,2005-07-26,0,21.7,31.8,37.6
8973,2005-07-27,0,21.6,33.6,38.400000000000006
8974,2005-07-28,0,19.8,34.9,37.25
8975,2005-07-29,0,21.2,34.8,38.599999999999994
8976,2005-07-30,0,21.6,35.6,39.400000000000006
8977,2005-07-31,0,21.2,30.8,36.6
8978,2005-01-08,0,18.8,33.2,35.400000000000006
8979,2005-02-08,0,19.8,28.4,34.0
8980,2005-03-08,14.2,18.2,28,32.2
8981,2005-04-08,0,19.8,28.8,34.2
8982,2005-05-08,0,12.6,31.6,28.4
8983,2005-06-08,0,15.2,29.7,30.049999999999997
8984,2005-07-08,0,17.2,24.8,29.6
8985,2005-08-08,0.2,14.9,28,28.9
8986,2005-09-08,0,14.4,27.3,28.05
8987,2005-10-08,0,13.4,28.6,27.700000000000003
8988,2005-11-08,0,17,27.2,30.6
8989,2005-12-08,3.8,17.4,29.2,32.0
8990,2005-08-13,0,17.6,29.2,32.2
8991,2005-08-14,1.8,14.6,24.8,27.0
8992,2005-08-15,0.2,15.8,26,28.8
8993,2005-08-16,0,12.2,27.8,26.1
8994,2005-08-17,0,16.1,32,32.1
8995,2005-08-18,0,15,30.4,30.2
8996,2005-08-19,0.4,17.2,29.8,32.1
8997,2005-08-20,0,15,20.5,25.25
8998,2005-08-21,16.6,14.1,18,23.1
8999,2005-08-22,6.2,15.2,17.6,24.0
9000,2005-08-23,8.6,14.6,24,26.6
9001,2005-08-24,0,16,29.2,30.6
9002,2005-08-25,0,17.5,26,30.5
9003,2005-08-26,0,18.8,27.6,32.6
9004,2005-08-27,0,16.9,27,30.4
9005,2005-08-28,7.6,16.8,26,29.8
9006,2005-08-29,0,16.5,30,31.5
9007,2005-08-30,0,17.7,31.2,33.3
9008,2005-08-31,0,20.4,29.6,35.2
9009,2005-01-09,0.2,20.2,31,35.7
9010,2005-02-09,0,18.4,32.5,34.65
9011,2005-03-09,19.4,17.2,30,32.2
9012,2005-04-09,1.8,15,28.6,29.3
9013,2005-05-09,4.4,13.2,26.1,26.25
9014,2005-06-09,0,13.4,27.6,27.200000000000003
9015,2005-07-09,0,12.6,28.1,26.65
9016,2005-08-09,0,16.4,28.4,30.599999999999998
9017,2005-09-09,7.8,17,21.4,27.7
9018,2005-10-09,16.2,16.4,25.2,29.0
9019,2005-11-09,0,16.5,23.8,28.4
9020,2005-12-09,7.2,14.4,24.4,26.6
9021,2005-09-13,0,13.2,26.6,26.5
9022,2005-09-14,0,14.9,27.8,28.8
9023,2005-09-15,0,14.8,28.1,28.85
9024,2005-09-16,0,18.4,24.4,30.599999999999998
9025,2005-09-17,0.2,12,21.2,22.6
9026,2005-09-18,7,11.2,17.8,20.1
9027,2005-09-19,0.2,12.4,18.4,21.6
9028,2005-09-20,0.2,13.6,22.4,24.799999999999997
9029,2005-09-21,0,10.6,22.8,22.0
9030,2005-09-22,0,13.4,22.8,24.8
9031,2005-09-23,0,13.2,24,25.2
9032,2005-09-24,0,13.6,25.4,26.299999999999997
9033,2005-09-25,0,10,24,22.0
9034,2005-09-26,0,9.6,24,21.6
9035,2005-09-27,0,14.2,20.4,24.4
9036,2005-09-28,0,14.1,23.6,25.9
9037,2005-09-29,0,12.6,19.6,22.4
9038,2005-09-30,4.4,10.8,20.2,20.9
9039,2005-01-10,0,9.2,19.2,18.799999999999997
9040,2005-02-10,2.2,9.4,14.2,16.5
9041,2005-03-10,37,8.4,12.1,14.45
9042,2005-04-10,28.4,8.6,13.4,15.3
9043,2005-05-10,16,8.6,15.6,16.4
9044,2005-06-10,6.4,9.6,15.2,17.2
9045,2005-07-10,1.4,11.1,16.1,19.15
9046,2005-08-10,10.2,11.8,18.4,21.0
9047,2005-09-10,0,10.7,19.6,20.5
9048,2005-10-10,0,11.6,18.8,21.0
9049,2005-11-10,0,7.3,18,16.3
9050,2005-12-10,0,6,17.2,14.6
9051,2005-10-13,0,7.3,16.8,15.7
9052,2005-10-14,0,7.4,16.9,15.85
9053,2005-10-15,0,6,14.2,13.1
9054,2005-10-16,0,6.8,13.7,13.649999999999999
9055,2005-10-17,0,4.1,15.2,11.7
9056,2005-10-18,0,8.4,14.8,15.8
9057,2005-10-19,0,7,14.6,14.3
9058,2005-10-20,1.6,9.3,12.8,15.700000000000001
9059,2005-10-21,0.6,9.6,15.7,17.45
9060,2005-10-22,0,6.8,17.6,15.600000000000001
9061,2005-10-23,0.6,10.8,15.7,18.65
9062,2005-10-24,0,11.4,18.6,20.700000000000003
9063,2005-10-25,0,11.6,18,20.6
9064,2005-10-26,0,10.2,17.7,19.049999999999997
9065,2005-10-27,0,8.8,16.2,16.9
9066,2005-10-28,0,7.6,13.4,14.3
9067,2005-10-29,0,7.4,13.2,14.0
9068,2005-10-30,0,3.6,13.2,10.2
9069,2005-10-31,0,2.9,14.8,10.3
9070,2005-01-11,0,9.7,12.8,16.1
9071,2005-02-11,1.6,7.4,14.2,14.5
9072,2005-03-11,0,7.2,13.2,13.8
9073,2005-04-11,0.2,5,14.4,12.2
9074,2005-05-11,0,9,13.3,15.65
9075,2005-06-11,17.6,7.6,12.7,13.95
9076,2005-07-11,7.4,8.6,14.6,15.899999999999999
9077,2005-08-11,0,5.7,13.8,12.600000000000001
9078,2005-09-11,0,5.8,11.2,11.399999999999999
9079,2005-10-11,0,5.4,12.1,11.45
9080,2005-11-11,0,3.6,11.6,9.4
9081,2005-12-11,0,3.3,9.2,7.8999999999999995
9082,2005-11-13,0,3.1,10,8.1
9083,2005-11-14,0,1.4,8.4,5.6
9084,2005-11-15,0,1.6,9.4,6.300000000000001
9085,2005-11-16,0,2.4,11.3,8.05
9086,2005-11-17,0,5.2,12.5,11.45
9087,2005-11-18,0,0.4,8.4,4.6000000000000005
9088,2005-11-19,0,-0.2,8.6,4.1
9089,2005-11-20,0,-3.8,3.6,-1.9999999999999998
9090,2005-11-21,0,-4.2,6.4,-1.0
9091,2005-11-22,0,-2.2,8.4,2.0
9092,2005-11-23,0,-1.2,7.6,2.5999999999999996
9093,2005-11-24,0,-2.2,5.2,0.3999999999999999
9094,2005-11-25,0,-2.3,0.8,-1.9
9095,2005-11-26,7,-1.4,0.9,-0.95
9096,2005-11-27,7.6,-2.2,2.6,-0.9000000000000001
9097,2005-11-28,0.2,-2.8,2.8,-1.4
9098,2005-11-29,0,-3.6,0.4,-3.4
9099,2005-11-30,3,-4.8,3.6,-3.0
9100,2005-01-12,0,-5.2,2.1,-4.15
9101,2005-02-12,0,-4.6,1.7,-3.7499999999999996
9102,2005-03-12,17.4,-1.6,3.6,0.19999999999999996
9103,2005-04-12,11.2,-2,2.5,-0.75
9104,2005-05-12,11,-0.4,4.2,1.7000000000000002
9105,2005-06-12,0.2,0.4,4.5,2.65
9106,2005-07-12,0,-3.8,3.9,-1.8499999999999999
9107,2005-08-12,0,-6,1.8,-5.1
9108,2005-09-12,0,-1,5.2,1.6
9109,2005-10-12,0,-6,4.4,-3.8
9110,2005-11-12,0,-9.6,3.2,-8.0
9111,2005-12-12,0,-2.8,4.1,-0.75
9112,2005-12-13,0,1.3,6.3,4.45
9113,2005-12-14,0,-0.4,8.4,3.8000000000000003
9114,2005-12-15,0,-2.2,5.2,0.3999999999999999
9115,2005-12-16,0,-4,4.8,-1.6
9116,2005-12-17,0,1.6,8.8,6.0
9117,2005-12-18,0,-3.8,4.6,-1.5
9118,2005-12-19,0,-4.1,0.4,-3.8999999999999995
9119,2005-12-20,0,-4,2,-3.0
9120,2005-12-21,0,-5.6,1.2,-5.0
9121,2005-12-22,0,-5.1,1.4,-4.3999999999999995
9122,2005-12-23,0,-7.9,-1,-8.4
9123,2005-12-24,0,-7.1,1.4,-6.3999999999999995
9124,2005-12-25,0,-5.6,1.8,-4.699999999999999
9125,2005-12-26,0,-5,1.6,-4.2
9126,2005-12-27,0,-1.6,2.4,-0.40000000000000013
9127,2005-12-28,0,-2.4,2.6,-1.0999999999999999
9128,2005-12-29,0,-2.4,2.2,-1.2999999999999998
9129,2005-12-30,0,-8.8,-1.1,-9.350000000000001
9130,2005-12-31,0,-6.8,-1,-7.3
10227,2009-01-01,2,-5.5,1.9,-4.55
10228,2009-02-01,0,-7.7,1.4,-7.0
10229,2009-03-01,0,-8.9,-0.6,-9.200000000000001
10230,2009-04-01,0,-6.6,-0.3,-6.75
10231,2009-05-01,0,-7.1,0,-7.1
10232,2009-06-01,0,-2.8,1.3,-2.15
10233,2009-07-01,0,-0.6,3.3,1.0499999999999998
10234,2009-08-01,0,-2.1,4.1,-0.050000000000000266
10235,2009-09-01,0,-3.4,2.9,-1.95
10236,2009-10-01,0,-3.2,4.4,-1.0
10237,2009-11-01,0,-1.5,5.6,1.2999999999999998
10238,2009-12-01,0,-2.6,4.9,-0.1499999999999999
10239,2009-01-13,0,-4.1,4.3,-1.9499999999999997
10240,2009-01-14,0,0.2,10,5.2
10241,2009-01-15,0,2.1,8.3,6.25
10242,2009-01-16,0,-1.3,6,1.7
10243,2009-01-17,0,-3.3,3.1,-1.7499999999999998
10244,2009-01-18,0,-1.2,2.8,0.19999999999999996
10245,2009-01-19,0,-1.4,3.7,0.4500000000000002
10246,2009-01-20,30.5,0.4,1.9,1.35
10247,2009-01-21,34.8,1.5,5.1,4.05
10248,2009-01-22,0.3,1.2,6.4,4.4
10249,2009-01-23,0,-0.7,2.8,0.7
10250,2009-01-24,0.9,-2.6,5,-0.10000000000000009
10251,2009-01-25,0,-0.4,8.4,3.8000000000000003
10252,2009-01-26,0,0,6.1,3.05
10253,2009-01-27,0.6,3.7,9.2,8.3
10254,2009-01-28,0,6.1,10.2,11.2
10255,2009-01-29,0,2.6,9,7.1
10256,2009-01-30,0,-0.7,7.8,3.2
10257,2009-01-31,0,-2.5,3.9,-0.55
10258,2009-01-02,0,0.4,3,1.9
10259,2009-02-02,5.2,0.7,1.7,1.5499999999999998
10260,2009-03-02,6.5,1.3,6,4.3
10261,2009-04-02,0,2.4,9,6.9
10262,2009-05-02,0.8,3.7,7.2,7.300000000000001
10263,2009-06-02,28.9,2.5,5.4,5.2
10264,2009-07-02,38.8,2.5,6.1,5.55
10265,2009-08-02,13.1,3.9,10.9,9.35
10266,2009-09-02,0.4,1.4,8.3,5.550000000000001
10267,2009-10-02,0,0.6,5.2,3.2
10268,2009-11-02,2.1,3.4,8.8,7.800000000000001
10269,2009-12-02,0,-0.3,7.8,3.6
10270,2009-02-13,0,0.6,5.9,3.5500000000000003
10271,2009-02-14,0,-1.4,6.8,2.0
10272,2009-02-15,0,1.1,7,4.6
10273,2009-02-16,0,-1.4,6.4,1.8000000000000003
10274,2009-02-17,0,-3.9,9.4,0.8000000000000003
10275,2009-02-18,0,-1.4,7.9,2.5500000000000003
10276,2009-02-19,0,-4.8,7.5,-1.0499999999999998
10277,2009-02-20,0,-0.7,8.8,3.7
10278,2009-02-21,0,-1.4,9.5,3.35
10279,2009-02-22,0,-2,11.3,3.6500000000000004
10280,2009-02-23,0,-1.4,4.4,0.8000000000000003
10281,2009-02-24,0,-3,11.7,2.8499999999999996
10282,2009-02-25,0,-1.9,10.7,3.4499999999999997
10283,2009-02-26,0,-0.6,11.5,5.15
10284,2009-02-27,0,-0.1,16.7,8.25
10285,2009-02-28,0,0.7,15.5,8.45
10286,2009-01-03,0,5.1,11.4,10.8
10287,2009-02-03,0.3,5.6,13.5,12.35
10288,2009-03-03,0.9,5.8,9.7,10.649999999999999
10289,2009-04-03,2.8,3.9,8.3,8.05
10290,2009-05-03,31.4,2.4,5.9,5.35
10291,2009-06-03,7.8,4.9,11.1,10.45
10292,2009-07-03,0,9.2,14.1,16.25
10293,2009-08-03,0,3,14.2,10.1
10294,2009-09-03,0,-0.2,12.6,6.1
10295,2009-10-03,0,-0.6,12.1,5.45
10296,2009-11-03,0,-0.6,13.1,5.95
10297,2009-12-03,0,-0.2,14,6.8
10298,2009-03-13,0,0.8,19.1,10.350000000000001
10299,2009-03-14,0,1.9,13.5,8.65
10300,2009-03-15,0,2.5,16.4,10.7
10301,2009-03-16,0,4.5,18.3,13.65
10302,2009-03-17,0,2.1,16.8,10.5
10303,2009-03-18,0,2.8,18.5,12.05
10304,2009-03-19,0,2.6,15.6,10.4
10305,2009-03-20,0,5.2,9.8,10.100000000000001
10306,2009-03-21,0,2,11.7,7.85
10307,2009-03-22,0,2.9,16.9,11.35
10308,2009-03-23,0,2,19.2,11.6
10309,2009-03-24,0,5.4,12.4,11.600000000000001
10310,2009-03-25,0,-0.2,13.6,6.6
10311,2009-03-26,0,5.8,15.2,13.399999999999999
10312,2009-03-27,0,2.7,17.1,11.25
10313,2009-03-28,0.8,8.8,12.2,14.9
10314,2009-03-29,17.8,7.4,8.8,11.8
10315,2009-03-30,26.5,6.9,15.5,14.65
10316,2009-03-31,0,10.4,18.5,19.65
10317,2009-01-04,1.9,10.1,19.4,19.799999999999997
10318,2009-02-04,1.6,11.2,14.7,18.549999999999997
10319,2009-03-04,0.5,8.4,19.4,18.1
10320,2009-04-04,0,9.6,20.6,19.9
10321,2009-05-04,0,10.7,18.6,20.0
10322,2009-06-04,0,7.1,21.9,18.049999999999997
10323,2009-07-04,0,6.8,22.9,18.25
10324,2009-08-04,0,7.3,22.6,18.6
10325,2009-09-04,0,8.4,22.4,19.6
10326,2009-10-04,0,9.5,22.1,20.55
10327,2009-11-04,0,6.6,23.1,18.15
10328,2009-12-04,0,7.9,20.8,18.3
10329,2009-04-13,0,8.3,24,20.3
10330,2009-04-14,0,9.5,23.6,21.3
10331,2009-04-15,0,7.8,23.1,19.35
10332,2009-04-16,0,9.6,15.3,17.25
10333,2009-04-17,28,8.7,17.3,17.35
10334,2009-04-18,0,8.5,17.9,17.45
10335,2009-04-19,0,9.2,14.7,16.549999999999997
10336,2009-04-20,2,10.3,15.5,18.05
10337,2009-04-21,1.2,10.5,16.8,18.9
10338,2009-04-22,0,8.6,25.2,21.2
10339,2009-04-23,0,10.7,20.4,20.9
10340,2009-04-24,0,8.1,18.5,17.35
10341,2009-04-25,0,6,21.6,16.8
10342,2009-04-26,0,9.1,14.2,16.2
10343,2009-04-27,16.9,9.6,12.3,15.75
10344,2009-04-28,31.3,9.7,13.4,16.4
10345,2009-04-29,15.9,9.5,15.3,17.15
10346,2009-04-30,4.5,9.4,19.2,19.0
10347,2009-01-05,0,11.1,23.6,22.9
10348,2009-02-05,0,14.8,23.9,26.75
10349,2009-03-05,0,12.2,24.1,24.25
10350,2009-04-05,0,11.6,19.4,21.299999999999997
10351,2009-05-05,0.6,11.1,21.9,22.049999999999997
10352,2009-06-05,0,9.6,23.8,21.5
10353,2009-07-05,0,11,26.5,24.25
10354,2009-08-05,0,11.9,25.2,24.5
10355,2009-09-05,0,12.2,25.5,24.95
10356,2009-10-05,8.4,13.9,25.4,26.6
10357,2009-11-05,0,13.5,26.4,26.7
10358,2009-12-05,0,13.1,26.4,26.299999999999997
10359,2009-05-13,0,14.1,23.2,25.7
10360,2009-05-14,0,15.4,24.3,27.55
10361,2009-05-15,0.1,15.2,19,24.7
10362,2009-05-16,0.9,13.8,25.5,26.55
10363,2009-05-17,0,14.2,27.7,28.049999999999997
10364,2009-05-18,0,14.9,28.9,29.35
10365,2009-05-19,0,15.6,28.7,29.95
10366,2009-05-20,0,15.2,29.8,30.1
10367,2009-05-21,0,17.6,29,32.1
10368,2009-05-22,0.7,16,29,30.5
10369,2009-05-23,0,14.6,30.2,29.7
10370,2009-05-24,0,17.9,31.7,33.75
10371,2009-05-25,0.2,18.8,33.6,35.6
10372,2009-05-26,0,16,33,32.5
10373,2009-05-27,0,20.6,27.4,34.3
10374,2009-05-28,0,16.5,28.6,30.8
10375,2009-05-29,0,11.1,26.8,24.5
10376,2009-05-30,0,9.5,24.9,21.95
10377,2009-05-31,0,10.5,18.1,19.55
10378,2009-01-06,11.7,10,24,22.0
10379,2009-02-06,0,10.4,27.4,24.1
10380,2009-03-06,0,14.5,29.4,29.2
10381,2009-04-06,0,13.8,26.3,26.950000000000003
10382,2009-05-06,0,17,25.3,29.65
10383,2009-06-06,19.9,15.4,21.3,26.05
10384,2009-07-06,5.5,15.1,24.6,27.4
10385,2009-08-06,0,14.6,24.9,27.049999999999997
10386,2009-09-06,1,14.5,22.8,25.9
10387,2009-10-06,6.2,14.4,25.3,27.05
10388,2009-11-06,0,14,26.2,27.1
10389,2009-12-06,0,16.7,27.8,30.6
10390,2009-06-13,0,14,29.2,28.6
10391,2009-06-14,0,14.8,30.5,30.05
10392,2009-06-15,0,21.5,29.6,36.3
10393,2009-06-16,0,21.7,31.4,37.4
10394,2009-06-17,0,18.2,28.3,32.35
10395,2009-06-18,0,14.6,31.6,30.4
10396,2009-06-19,0,17.5,31.5,33.25
10397,2009-06-20,16.8,14.9,27,28.4
10398,2009-06-21,0,14.8,25.4,27.5
10399,2009-06-22,0,12.4,24.1,24.450000000000003
10400,2009-06-23,0,14.9,22.9,26.35
10401,2009-06-24,0.3,16.7,30.2,31.799999999999997
10402,2009-06-25,0,14.6,29.3,29.25
10403,2009-06-26,6.2,16.9,28.1,30.95
10404,2009-06-27,0,16.3,27.5,30.05
10405,2009-06-28,0,16.5,31.4,32.2
10406,2009-06-29,0.4,18.2,31.3,33.85
10407,2009-06-30,0.3,17,31.7,32.85
10408,2009-01-07,0.2,17.5,31.9,33.45
10409,2009-02-07,3.3,18.1,30.6,33.400000000000006
10410,2009-03-07,1.5,18.9,31.4,34.599999999999994
10411,2009-04-07,0,17.5,33.9,34.45
10412,2009-05-07,13.2,17,30.4,32.2
10413,2009-06-07,38.7,17.5,28.4,31.7
10414,2009-07-07,16.1,15.8,25,28.3
10415,2009-08-07,17.7,15.1,26.9,28.549999999999997
10416,2009-09-07,0,14,25.4,26.7
10417,2009-10-07,6.9,14.4,24.5,26.65
10418,2009-11-07,0,13.2,24.6,25.5
10419,2009-12-07,0,14.6,25.2,27.2
10420,2009-07-13,0,16.3,28.7,30.65
10421,2009-07-14,0,20.3,30.1,35.35
10422,2009-07-15,0,20,30,35.0
10423,2009-07-16,0.7,19.3,32.4,35.5
10424,2009-07-17,0,19.8,27.6,33.6
10425,2009-07-18,45.1,13.1,20.3,23.25
10426,2009-07-19,2.4,13.9,26.5,27.15
10427,2009-07-20,0,14.5,27.5,28.25
10428,2009-07-21,0,16.7,28.9,31.15
10429,2009-07-22,0,19.6,29.7,34.45
10430,2009-07-23,0,17.9,32,33.9
10431,2009-07-24,0,18,30.9,33.45
10432,2009-07-25,7.2,17.9,29.4,32.599999999999994
10433,2009-07-26,0,18.5,27.7,32.35
10434,2009-07-27,0,18.4,29,32.9
10435,2009-07-28,1.2,18.8,31,34.3
10436,2009-07-29,0,19.4,31.4,35.099999999999994
10437,2009-07-30,0,19.5,32.2,35.6
10438,2009-07-31,3.5,18.8,24.5,31.05
10439,2009-01-08,1.4,17.4,31,32.9
10440,2009-02-08,0,17.8,32.7,34.150000000000006
10441,2009-03-08,0,17.1,24.9,29.55
10442,2009-04-08,13.9,16.5,28.6,30.8
10443,2009-05-08,0,18.1,30,33.1
10444,2009-06-08,0,16.3,30.7,31.65
10445,2009-07-08,0.1,20.2,31.3,35.85
10446,2009-08-08,6.6,19.3,27.8,33.2
10447,2009-09-08,7.6,18.7,28,32.7
10448,2009-10-08,13.2,18.4,26.2,31.5
10449,2009-11-08,0,18.5,30,33.5
10450,2009-12-08,0,17.2,29.7,32.05
10451,2009-08-13,0,18.4,30.1,33.45
10452,2009-08-14,0.1,18.9,29.3,33.55
10453,2009-08-15,0,18.3,30.2,33.4
10454,2009-08-16,0,19.7,30.5,34.95
10455,2009-08-17,0.6,19.8,31.4,35.5
10456,2009-08-18,0,19.1,32.9,35.55
10457,2009-08-19,0,17.9,33.3,34.55
10458,2009-08-20,0,19.4,33.5,36.15
10459,2009-08-21,0,20.3,33.3,36.95
10460,2009-08-22,0.8,19.4,26.4,32.599999999999994
10461,2009-08-23,2.1,19.4,29.9,34.349999999999994
10462,2009-08-24,0,19.8,29.5,34.55
10463,2009-08-25,0,16.9,30.3,32.05
10464,2009-08-26,0,18.2,30.4,33.4
10465,2009-08-27,0,19.4,32.1,35.45
10466,2009-08-28,0,19.2,32.1,35.25
10467,2009-08-29,0,18.7,25.7,31.549999999999997
10468,2009-08-30,0,16.4,27.1,29.95
10469,2009-08-31,0,13.4,28.8,27.8
10470,2009-01-09,0,15.2,30,30.2
10471,2009-02-09,0,17.2,30.1,32.25
10472,2009-03-09,2.1,18.8,26.1,31.85
10473,2009-04-09,0,19,22.8,30.4
10474,2009-05-09,10.7,14.9,25,27.4
10475,2009-06-09,0,14.1,25.3,26.75
10476,2009-07-09,0,10,25,22.5
10477,2009-08-09,0,11.7,25.8,24.6
10478,2009-09-09,0,13.2,24.3,25.35
10479,2009-10-09,0,14.3,25.2,26.9
10480,2009-11-09,0,14.8,27,28.3
10481,2009-12-09,0,14.7,24.5,26.95
10482,2009-09-13,0,13.4,26.2,26.5
10483,2009-09-14,9.2,12.1,15.2,19.7
10484,2009-09-15,5.7,10.7,16.4,18.9
10485,2009-09-16,4.1,13.9,16.5,22.15
10486,2009-09-17,11.5,15.4,24.9,27.85
10487,2009-09-18,0,16.3,25.6,29.1
10488,2009-09-19,0,14.2,24.8,26.6
10489,2009-09-20,0,12.9,23.6,24.700000000000003
10490,2009-09-21,0.2,15.7,25.5,28.45
10491,2009-09-22,0,14.3,25.9,27.25
10492,2009-09-23,0,13.6,26.1,26.65
10493,2009-09-24,0,14.4,25.8,27.3
10494,2009-09-25,0,16.2,23.9,28.15
10495,2009-09-26,2.3,15.7,21.9,26.65
10496,2009-09-27,0,13.8,23.9,25.75
10497,2009-09-28,0,10.9,24.2,23.0
10498,2009-09-29,0,12.7,24.3,24.85
10499,2009-09-30,0,10.3,23.9,22.25
10500,2009-01-10,0,17.1,24.2,29.200000000000003
10501,2009-02-10,0,15.9,23.4,27.6
10502,2009-03-10,0,10.7,21.4,21.4
10503,2009-04-10,0,11.4,22.3,22.55
10504,2009-05-10,0,14.3,21,24.8
10505,2009-06-10,0,12,23,23.5
10506,2009-07-10,0,13.9,24.1,25.950000000000003
10507,2009-08-10,0,16,24.7,28.35
10508,2009-09-10,0,16.3,21.7,27.15
10509,2009-10-10,0.1,14.8,21.6,25.6
10510,2009-11-10,2,11.3,20.9,21.75
10511,2009-12-10,2.9,12,18,21.0
10512,2009-10-13,0,11.7,16.3,19.85
10513,2009-10-14,0,6.2,12.7,12.55
10514,2009-10-15,0,4.7,12.6,11.0
10515,2009-10-16,0,1.7,13.9,8.65
10516,2009-10-17,0,1.9,12.6,8.2
10517,2009-10-18,0,0.6,14.1,7.6499999999999995
10518,2009-10-19,0,1.1,13.4,7.800000000000001
10519,2009-10-20,0,6.1,12,12.1
10520,2009-10-21,0,4.9,12.2,11.0
10521,2009-10-22,25.2,7.8,11,13.3
10522,2009-10-23,5.6,7.9,16.3,16.05
10523,2009-10-24,0,7.6,19.8,17.5
10524,2009-10-25,0,6.6,16.3,14.75
10525,2009-10-26,0,5.6,16,13.6
10526,2009-10-27,0,4.3,15,11.8
10527,2009-10-28,0,4.8,14.1,11.85
10528,2009-10-29,0,5.6,16.4,13.799999999999999
10529,2009-10-30,0,2.7,16.5,10.95
10530,2009-10-31,0,5.9,14.2,13.0
10531,2009-01-11,0,3.8,13.5,10.55
10532,2009-02-11,0,4.3,7.3,7.949999999999999
10533,2009-03-11,29.8,3.9,14,10.9
10534,2009-04-11,0,1.3,7.1,4.85
10535,2009-05-11,0.6,1.8,9.7,6.6499999999999995
10536,2009-06-11,3.7,5.2,10.1,10.25
10537,2009-07-11,0.8,0,8.9,4.45
10538,2009-08-11,2.4,6,9.6,10.8
10539,2009-09-11,4.1,6.4,10.7,11.75
10540,2009-10-11,0,7,13.8,13.9
10541,2009-11-11,0,1.1,13.2,7.699999999999999
10542,2009-12-11,0,0.7,9.8,5.6000000000000005
10543,2009-11-13,0,0.4,9.2,5.0
10544,2009-11-14,0,4,9.5,8.75
10545,2009-11-15,0,4.7,11.8,10.600000000000001
10546,2009-11-16,0,8.9,12.2,15.0
10547,2009-11-17,0,5.6,13.2,12.2
10548,2009-11-18,0,5.6,14,12.6
10549,2009-11-19,0,3.6,12.2,9.7
10550,2009-11-20,0,2.6,12.1,8.65
10551,2009-11-21,0,1.7,10.9,7.15
10552,2009-11-22,0,-1.4,7.7,2.45
10553,2009-11-23,0,6.2,11.5,11.95
10554,2009-11-24,0,4.3,12.5,10.55
10555,2009-11-25,0,1.4,10.9,6.85
10556,2009-11-26,0,7.3,9,11.8
10557,2009-11-27,0,7.7,10.4,12.9
10558,2009-11-28,0,6.7,11.1,12.25
10559,2009-11-29,0,6.4,8.7,10.75
10560,2009-11-30,31.8,5.5,7.4,9.2
10561,2009-01-12,29.5,5.2,8.3,9.350000000000001
10562,2009-02-12,5.2,1.8,8.3,5.95
10563,2009-03-12,0,0.9,6.4,4.1000000000000005
10564,2009-04-12,5.2,0.9,8,4.9
10565,2009-05-12,9.7,1.6,8.8,6.0
10566,2009-06-12,0,1.7,6.4,4.9
10567,2009-07-12,0,2,6.8,5.4
10568,2009-08-12,4.5,4.9,9.4,9.600000000000001
10569,2009-09-12,1.8,5.7,12.2,11.8
10570,2009-10-12,0,2.8,8.1,6.85
10571,2009-11-12,0,-0.8,8.9,3.6500000000000004
10572,2009-12-12,0,1,9.7,5.85
10573,2009-12-13,0,0.4,5.6,3.1999999999999997
10574,2009-12-14,0,-0.9,4.7,1.4500000000000002
10575,2009-12-15,0,-3.9,2.4,-2.7
10576,2009-12-16,0,-6,1.8,-5.1
10577,2009-12-17,0,-5.6,1.2,-5.0
10578,2009-12-18,0,-5.8,-1.2,-6.3999999999999995
10579,2009-12-19,0,-3.5,2.1,-2.45
10580,2009-12-20,0,-8.6,-2,-9.6
10581,2009-12-21,0,-9.5,-1.9,-10.45
10582,2009-12-22,2.4,-4.3,0.5,-4.05
10583,2009-12-23,24.1,0.1,3.3,1.75
10584,2009-12-24,16.2,1.4,4,3.4
10585,2009-12-25,53.5,2.8,9,7.3
10586,2009-12-26,17.5,1.9,6.2,5.0
10587,2009-12-27,0,-2.3,3.8,-0.3999999999999999
10588,2009-12-28,0,-3.5,2.9,-2.05
10589,2009-12-29,0,-3.8,3.6,-1.9999999999999998
10590,2009-12-30,0,0.2,4.2,2.3000000000000003
10591,2009-12-31,2.1,1.9,3.9,3.8499999999999996
11688,2013-01-01,0,-2.6,4.3,-0.4500000000000002
11689,2013-02-01,1.3,0.4,4.9,2.85
11690,2013-03-01,0,0.2,6.2,3.3000000000000003
11691,2013-04-01,0,-0.6,6.4,2.6
11692,2013-05-01,0,-1.1,17.7,7.75
11693,2013-06-01,0,2.1,16.3,10.25
11694,2013-07-01,0,1.3,15.3,8.950000000000001
11695,2013-08-01,0,-0.5,6.3,2.65
11696,2013-09-01,0,0.9,7.4,4.6000000000000005
11697,2013-10-01,0,0.6,6.5,3.85
11698,2013-11-01,0,-1,6.1,2.05
11699,2013-12-01,0,-2.7,6.2,0.3999999999999999
11700,2013-01-13,0,0.4,4.3,2.55
11701,2013-01-14,6,2.1,5.5,4.85
11702,2013-01-15,2.2,1.3,4.9,3.75
11703,2013-01-16,3.7,1.2,4.2,3.3
11704,2013-01-17,0,3.1,6,6.1
11705,2013-01-18,0,-2,5.4,0.7000000000000002
11706,2013-01-19,0,-2,2.9,-0.55
11707,2013-01-20,0.8,0.1,1.7,0.95
11708,2013-01-21,6.6,0.7,3.6,2.5
11709,2013-01-22,3.3,-0.1,7.1,3.4499999999999997
11710,2013-01-23,0,0,5.4,2.7
11711,2013-01-24,0,1.3,5.6,4.1
11712,2013-01-25,0,2.4,7.5,6.15
11713,2013-01-26,0,-2.1,3.9,-0.15000000000000013
11714,2013-01-27,0,-3.3,3.5,-1.5499999999999998
11715,2013-01-28,0,-0.8,4.1,1.2499999999999998
11716,2013-01-29,0,-2.9,6.7,0.4500000000000002
11717,2013-01-30,0,-0.7,6.2,2.4000000000000004
11718,2013-01-31,0,-1.2,8.7,3.1499999999999995
11719,2013-01-02,0,-1.4,7.3,2.25
11720,2013-02-02,0.8,2.2,10,7.2
11721,2013-03-02,2.9,1.7,9.1,6.25
11722,2013-04-02,0,0,8,4.0
11723,2013-05-02,0,-2.2,6.3,0.9499999999999997
11724,2013-06-02,0.8,0.8,7.4,4.5
11725,2013-07-02,0,-0.3,8.9,4.15
11726,2013-08-02,0,-0.8,7,2.7
11727,2013-09-02,0,-0.8,5.7,2.05
11728,2013-10-02,0,-3.4,2.2,-2.3
11729,2013-11-02,0,-3,-0.3,-3.15
11730,2013-12-02,1.3,-1.8,2.1,-0.75
11731,2013-02-13,0.1,0.5,8.5,4.75
11732,2013-02-14,0,-1.5,6.1,1.5499999999999998
11733,2013-02-15,0,-2.1,7.6,1.6999999999999997
11734,2013-02-16,0,-1.9,8,2.1
11735,2013-02-17,0,-0.6,8.3,3.5500000000000003
11736,2013-02-18,0.7,0.4,8.5,4.65
11737,2013-02-19,0,-1.2,7.6,2.5999999999999996
11738,2013-02-20,0,-1.7,8.1,2.3499999999999996
11739,2013-02-21,0,0.4,5.4,3.1
11740,2013-02-22,5.8,-1.4,3.8,0.5
11741,2013-02-23,0,-2.9,5.1,-0.3500000000000001
11742,2013-02-24,0.5,-0.1,3.1,1.45
11743,2013-02-25,0.2,-0.6,6.1,2.4499999999999997
11744,2013-02-26,0,0.7,8.2,4.8
11745,2013-02-27,0,2.6,9.6,7.4
11746,2013-02-28,0,3.4,12.6,9.7
11747,2013-01-03,0,1.9,13.6,8.7
11748,2013-02-03,0,0.3,13.3,6.95
11749,2013-03-03,0,2.2,15,9.7
11750,2013-04-03,0,0.7,15.8,8.6
11751,2013-05-03,0,-0.2,12.6,6.1
11752,2013-06-03,0,5.5,8.9,9.95
11753,2013-07-03,2.7,5.1,11.6,10.899999999999999
11754,2013-08-03,2.7,8,12.5,14.25
11755,2013-09-03,5.8,8.9,11.4,14.600000000000001
11756,2013-10-03,5.6,7.7,15.2,15.3
11757,2013-11-03,0,7.5,15.5,15.25
11758,2013-12-03,0.4,6.8,14.4,14.0
11759,2013-03-13,2.1,7,12.3,13.15
11760,2013-03-14,0.4,3.3,8.9,7.75
11761,2013-03-15,0,2,6.9,5.45
11762,2013-03-16,0,-0.8,9.2,3.8
11763,2013-03-17,0,2.3,8,6.3
11764,2013-03-18,17.5,0.5,2.2,1.6
11765,2013-03-19,20.8,0.4,8.8,4.800000000000001
11766,2013-03-20,0,0.1,10.4,5.3
11767,2013-03-21,3.5,5.5,14.3,12.65
11768,2013-03-22,0,3.8,16,11.8
11769,2013-03-23,0,2.8,12.9,9.25
11770,2013-03-24,0,6.5,9.4,11.2
11771,2013-03-25,13.2,5,10.6,10.3
11772,2013-03-26,2.7,2.9,5.3,5.55
11773,2013-03-27,0.6,3.6,8,7.6
11774,2013-03-28,0,2.5,9.2,7.1
11775,2013-03-29,13.5,2.3,8.5,6.55
11776,2013-03-30,0.3,6.6,9,11.1
11777,2013-03-31,21.5,6.5,14.8,13.9
11778,2013-01-04,0,3.5,13.1,10.05
11779,2013-02-04,0,6,16.1,14.05
11780,2013-03-04,0,7.9,16.3,16.05
11781,2013-04-04,0,7.8,14.7,15.149999999999999
11782,2013-05-04,2.5,7.4,12,13.4
11783,2013-06-04,2.6,8.1,16.4,16.299999999999997
11784,2013-07-04,0,9.7,14.2,16.799999999999997
11785,2013-08-04,0.1,6.5,10.2,11.6
11786,2013-09-04,0.1,6.3,12.8,12.7
11787,2013-10-04,0,6.4,18.5,15.65
11788,2013-11-04,0.2,8.1,13.8,15.0
11789,2013-12-04,5.2,10.5,17.4,19.2
11790,2013-04-13,0.2,10.2,21,20.7
11791,2013-04-14,0,10.2,22.4,21.4
11792,2013-04-15,0,8.4,24.3,20.55
11793,2013-04-16,0,13.2,24.4,25.4
11794,2013-04-17,0,11.3,24.9,23.75
11795,2013-04-18,0,11,26.8,24.4
11796,2013-04-19,0,11.7,25.1,24.25
11797,2013-04-20,9,9.4,11.5,15.15
11798,2013-04-21,21.6,9.9,16.3,18.05
11799,2013-04-22,0.9,10.1,14.2,17.2
11800,2013-04-23,0.7,10.7,19.4,20.4
11801,2013-04-24,0,8.5,22.7,19.85
11802,2013-04-25,0,8.6,24.7,20.95
11803,2013-04-26,0,11.1,20.1,21.15
11804,2013-04-27,0,12.5,17.1,21.05
11805,2013-04-28,27.3,12.3,21.5,23.05
11806,2013-04-29,3.6,13.8,18.1,22.85
11807,2013-04-30,8.6,13.6,20,23.6
11808,2013-01-05,0.9,13.8,22.9,25.25
11809,2013-02-05,0.6,13.3,23,24.8
11810,2013-03-05,10.5,11.9,24.1,23.950000000000003
11811,2013-04-05,0.2,10.2,24.6,22.5
11812,2013-05-05,0,14,23.2,25.6
11813,2013-06-05,1.5,13.3,21.9,24.25
11814,2013-07-05,0.5,13.8,20.2,23.9
11815,2013-08-05,1,13.6,24.5,25.85
11816,2013-09-05,0.5,12,26.5,25.25
11817,2013-10-05,1.7,14.4,17.9,23.35
11818,2013-11-05,12.1,12.4,20.4,22.6
11819,2013-12-05,0.1,12.2,21.2,22.799999999999997
11820,2013-05-13,0.6,10.3,22.2,21.4
11821,2013-05-14,0,8.7,23.8,20.6
11822,2013-05-15,0,12.3,24,24.3
11823,2013-05-16,4.5,11.5,14,18.5
11824,2013-05-17,56.9,11.2,14.9,18.65
11825,2013-05-18,12.3,9.1,21.1,19.65
11826,2013-05-19,5.7,11.7,17.8,20.6
11827,2013-05-20,8.1,10.8,19,20.3
11828,2013-05-21,0,8.7,20.2,18.799999999999997
11829,2013-05-22,0.1,8.9,22.8,20.3
11830,2013-05-23,0,10.3,23.1,21.85
11831,2013-05-24,37.3,7.4,12.7,13.75
11832,2013-05-25,0.3,7.2,16.6,15.5
11833,2013-05-26,0,5.1,20,15.1
11834,2013-05-27,0,9,21.1,19.55
11835,2013-05-28,0,13.5,20.8,23.9
11836,2013-05-29,6.6,11.6,18.4,20.799999999999997
11837,2013-05-30,3.2,10.4,16.1,18.450000000000003
11838,2013-05-31,0,10.4,19.1,19.950000000000003
11839,2013-01-06,0,11.6,22.5,22.85
11840,2013-02-06,0,10.1,25,22.6
11841,2013-03-06,0,16.2,25.1,28.75
11842,2013-04-06,0,15.8,26.1,28.85
11843,2013-05-06,3,14.9,25.4,27.6
11844,2013-06-06,15.2,12.7,25.6,25.5
11845,2013-07-06,0,13.7,26.8,27.1
11846,2013-08-06,0,13.7,27,27.2
11847,2013-09-06,0,13.9,23,25.4
11848,2013-10-06,25.1,13.5,21.3,24.15
11849,2013-11-06,0,12.4,26.9,25.85
11850,2013-12-06,0,11.9,28.3,26.05
11851,2013-06-13,0,11.5,27.9,25.45
11852,2013-06-14,0,16.2,28.2,30.299999999999997
11853,2013-06-15,0,20.4,29.1,34.95
11854,2013-06-16,0,18.3,30.1,33.35
11855,2013-06-17,0,19.7,31.2,35.3
11856,2013-06-18,0,19.3,29.9,34.25
11857,2013-06-19,0.7,19,32.5,35.25
11858,2013-06-20,0,21,33.4,37.7
11859,2013-06-21,0,18,29.9,32.95
11860,2013-06-22,0,17.4,29.2,32.0
11861,2013-06-23,0,15.3,30.4,30.5
11862,2013-06-24,51.9,11.9,19.6,21.700000000000003
11863,2013-06-25,1.2,14.6,26.3,27.75
11864,2013-06-26,0,15.8,26.3,28.950000000000003
11865,2013-06-27,0,12.5,22.9,23.95
11866,2013-06-28,15.8,11.3,21.5,22.05
11867,2013-06-29,0,11.1,21,21.6
11868,2013-06-30,0,10.2,29.4,24.9
11869,2013-01-07,0,13.7,27.4,27.4
11870,2013-02-07,1.2,15,28.4,29.2
11871,2013-03-07,0.1,17.4,27.4,31.099999999999998
11872,2013-04-07,0,17.9,33.3,34.55
11873,2013-05-07,0,18.4,35.3,36.05
11874,2013-06-07,0,19.9,33.7,36.75
11875,2013-07-07,7.3,18.1,33.1,34.650000000000006
11876,2013-08-07,0,18.5,30.9,33.95
11877,2013-09-07,7.2,18.1,32.1,34.150000000000006
11878,2013-10-07,0.7,19.9,28.4,34.099999999999994
11879,2013-11-07,0,17.5,30.9,32.95
11880,2013-12-07,0,18.8,28.7,33.15
11881,2013-07-13,0,20.1,29.6,34.900000000000006
11882,2013-07-14,0.1,16.5,30.1,31.55
11883,2013-07-15,0,16.7,31.6,32.5
11884,2013-07-16,0,17.2,30.6,32.5
11885,2013-07-17,0,21.9,30.1,36.95
11886,2013-07-18,0,19.8,27.9,33.75
11887,2013-07-19,0.1,19.3,31.7,35.15
11888,2013-07-20,0,19.4,32,35.4
11889,2013-07-21,3.8,19.4,31.3,35.05
11890,2013-07-22,0,17.9,32.5,34.15
11891,2013-07-23,4.3,18.3,32.3,34.45
11892,2013-07-24,0,21.1,32.3,37.25
11893,2013-07-25,0,19.3,33.4,36.0
11894,2013-07-26,0,19.9,33.6,36.7
11895,2013-07-27,0,20,34.6,37.3
11896,2013-07-28,0,21.9,35.8,39.8
11897,2013-07-29,0,17.1,27.6,30.900000000000002
11898,2013-07-30,17.2,17.2,30.1,32.25
11899,2013-07-31,0,14.8,31.6,30.6
11900,2013-01-08,0,17,32.9,33.45
11901,2013-02-08,0,18.1,34.9,35.55
11902,2013-03-08,0,17.8,35.3,35.45
11903,2013-04-08,0,19.5,35.7,37.35
11904,2013-05-08,0,22.9,35.5,40.65
11905,2013-06-08,0,19.4,36,37.4
11906,2013-07-08,0,19.7,33.6,36.5
11907,2013-08-08,0,21.4,33.5,38.15
11908,2013-09-08,0,18.2,28.4,32.4
11909,2013-10-08,5,16.8,29.8,31.700000000000003
11910,2013-11-08,0,16.5,30.2,31.6
11911,2013-12-08,0,17.8,31.3,33.45
11912,2013-08-13,0,18.8,32.2,34.900000000000006
11913,2013-08-14,1.6,18.4,26.7,31.75
11914,2013-08-15,0,17.1,28.4,31.3
11915,2013-08-16,0,18,30.2,33.1
11916,2013-08-17,0,16,31.8,31.9
11917,2013-08-18,0,15.4,32.8,31.799999999999997
11918,2013-08-19,0,16.8,31.7,32.65
11919,2013-08-20,8.2,17.5,27.1,31.05
11920,2013-08-21,0,16.3,28.6,30.6
11921,2013-08-22,0,13.3,29.3,27.950000000000003
11922,2013-08-23,0,16.7,28.6,31.0
11923,2013-08-24,1,15.5,28.1,29.55
11924,2013-08-25,12.4,16.7,24.6,29.0
11925,2013-08-26,2.8,15.6,23.4,27.299999999999997
11926,2013-08-27,0.1,16.2,24.6,28.5
11927,2013-08-28,7.6,14.2,26.5,27.45
11928,2013-08-29,0,14.2,25.6,27.0
11929,2013-08-30,0,16,26.2,29.1
11930,2013-08-31,0,14.9,27.3,28.55
11931,2013-01-09,0.9,16.5,26.7,29.85
11932,2013-02-09,0.3,15,27.2,28.6
11933,2013-03-09,0,12.4,29.3,27.05
11934,2013-04-09,0,13.8,28.5,28.05
11935,2013-05-09,0,19.8,28.7,34.15
11936,2013-06-09,0,19.9,28.4,34.099999999999994
11937,2013-07-09,0,18.8,29.5,33.55
11938,2013-08-09,0,18.5,24.1,30.55
11939,2013-09-09,11.4,17.1,25.6,29.900000000000002
11940,2013-10-09,0,14.2,22.1,25.25
11941,2013-11-09,17.4,12.6,19.9,22.549999999999997
11942,2013-12-09,0,10.6,21,21.1
11943,2013-09-13,0,10.7,22.2,21.799999999999997
11944,2013-09-14,0,10.8,22.3,21.950000000000003
11945,2013-09-15,0,14.2,19.7,24.049999999999997
11946,2013-09-16,0.2,12.3,21.4,23.0
11947,2013-09-17,15.8,11.8,19.8,21.700000000000003
11948,2013-09-18,0.1,11.4,19.3,21.05
11949,2013-09-19,0,12,24.4,24.2
11950,2013-09-20,0,12.9,22.8,24.3
11951,2013-09-21,0,9.5,23.3,21.15
11952,2013-09-22,0,11.4,21.1,21.950000000000003
11953,2013-09-23,0,11.3,24,23.3
11954,2013-09-24,0,9.3,24.6,21.6
11955,2013-09-25,0,15.4,22.9,26.85
11956,2013-09-26,0,12.5,23.1,24.05
11957,2013-09-27,0,14.6,23.9,26.549999999999997
11958,2013-09-28,0,18.1,23.1,29.650000000000002
11959,2013-09-29,0,16.3,21.6,27.1
11960,2013-09-30,9.3,14.6,18.6,23.9
11961,2013-01-10,0,14.7,19.9,24.65
11962,2013-02-10,0,13.7,20,23.7
11963,2013-03-10,0,13.9,16.1,21.950000000000003
11964,2013-04-10,0,13.1,15.3,20.75
11965,2013-05-10,1.6,11.8,15.6,19.6
11966,2013-06-10,0.1,12.9,18.5,22.15
11967,2013-07-10,0.8,14,17.2,22.6
11968,2013-08-10,0.5,14.2,18.6,23.5
11969,2013-09-10,4.9,14.5,19.3,24.15
11970,2013-10-10,2.1,8.2,16,16.2
11971,2013-11-10,23,5.6,11.8,11.5
11972,2013-12-10,19.4,5.2,11.4,10.9
11973,2013-10-13,0,6.1,13.5,12.85
11974,2013-10-14,0,10,14.5,17.25
11975,2013-10-15,0,11,14.5,18.25
11976,2013-10-16,0,9,20.1,19.05
11977,2013-10-17,0,5.8,18,14.8
11978,2013-10-18,0,6.4,15.7,14.25
11979,2013-10-19,0,5.2,16.3,13.350000000000001
11980,2013-10-20,0,10.4,14.8,17.8
11981,2013-10-21,3.7,11.5,17.4,20.2
11982,2013-10-22,0,13.7,15.5,21.45
11983,2013-10-23,0,13,15.8,20.9
11984,2013-10-24,75.2,13.7,17.5,22.45
11985,2013-10-25,1.3,13.4,18.7,22.75
11986,2013-10-26,0,11.1,18.4,20.299999999999997
11987,2013-10-27,0,13.2,16.5,21.45
11988,2013-10-28,0.1,11.3,19.1,20.85
11989,2013-10-29,14.5,12.1,14.7,19.45
11990,2013-10-30,16.8,12.2,14.7,19.549999999999997
11991,2013-10-31,0.2,11.9,17,20.4
11992,2013-01-11,0,11.6,16.3,19.75
11993,2013-02-11,0,13.2,15.4,20.9
11994,2013-03-11,10.4,11,17.6,19.8
11995,2013-04-11,0.5,8.4,11.5,14.15
11996,2013-05-11,4.3,7.7,14.3,14.850000000000001
11997,2013-06-11,0,8.9,12.8,15.3
11998,2013-07-11,0,8.2,14.2,15.299999999999999
11999,2013-08-11,0,9.1,12.3,15.25
12000,2013-09-11,3.3,8.8,13.1,15.350000000000001
12001,2013-10-11,14.6,5.9,12.3,12.05
12002,2013-11-11,0,9.8,14,16.8
12003,2013-12-11,0,6.1,13.9,13.05
12004,2013-11-13,0,6.8,14.6,14.1
12005,2013-11-14,0,4.9,10,9.9
12006,2013-11-15,12,6.9,9,11.4
12007,2013-11-16,2.6,5.6,12.5,11.85
12008,2013-11-17,0,8.8,10.3,13.950000000000001
12009,2013-11-18,0,8.6,10.1,13.649999999999999
12010,2013-11-19,0.1,7.3,10.1,12.35
12011,2013-11-20,12.9,7.3,10.6,12.6
12012,2013-11-21,3.3,3.3,8.7,7.6499999999999995
12013,2013-11-22,17.2,1.6,7.4,5.300000000000001
12014,2013-11-23,0,5.3,10.9,10.75
12015,2013-11-24,0,4.8,13.3,11.45
12016,2013-11-25,0,3.8,11.5,9.55
12017,2013-11-26,0,2.7,6.5,5.95
12018,2013-11-27,0,-1.1,5.9,1.85
12019,2013-11-28,0,-4.4,4.2,-2.3000000000000003
12020,2013-11-29,0,-2.2,5.2,0.3999999999999999
12021,2013-11-30,0,0.2,6,3.2
12022,2013-01-12,0,0.4,8.3,4.550000000000001
12023,2013-02-12,0,-0.7,10,4.3
12024,2013-03-12,0,-1.2,7.3,2.45
12025,2013-04-12,0,0.6,8.3,4.75
12026,2013-05-12,0,-0.8,9.5,3.95
12027,2013-06-12,0,-2.2,15.5,5.55
12028,2013-07-12,0,0.1,10.5,5.35
12029,2013-08-12,0,-2.4,4.7,-0.04999999999999982
12030,2013-09-12,0,-2,3.8,-0.10000000000000009
12031,2013-10-12,0,-1,8.4,3.2
12032,2013-11-12,0,-1.5,6.3,1.65
12033,2013-12-12,0,-1.4,7.4,2.3000000000000003
12034,2013-12-13,0,-0.2,8.3,3.95
12035,2013-12-14,0,0.5,7.4,4.2
12036,2013-12-15,0,0.4,10.3,5.550000000000001
12037,2013-12-16,0,0,7.7,3.85
12038,2013-12-17,0,-1.4,7.5,2.35
12039,2013-12-18,0,-1.8,6,1.2
12040,2013-12-19,0,-3.5,1.7,-2.65
12041,2013-12-20,1.6,0.6,5.1,3.15
12042,2013-12-21,0,0.8,6,3.8
12043,2013-12-22,0,4.5,5.9,7.45
12044,2013-12-23,0.1,5.2,8.2,9.3
12045,2013-12-24,0.4,5.4,9.4,10.100000000000001
12046,2013-12-25,6.2,7.8,10.3,12.95
12047,2013-12-26,47.7,3.3,7.9,7.25
12048,2013-12-27,19.6,2,10.2,7.1
12049,2013-12-28,0,0.8,5.7,3.6500000000000004
12050,2013-12-29,8.1,3.8,8.1,7.85
12051,2013-12-30,0.2,2,7.5,5.75
12052,2013-12-31,0,0,4.8,2.4
13149,2017-01-01,0,-3.8,4.5,-1.5499999999999998
13150,2017-02-01,0,-5.2,4.8,-2.8000000000000003
13151,2017-03-01,0,-3,9.3,1.6500000000000004
13152,2017-04-01,0,-5.1,9,-0.5999999999999996
13153,2017-05-01,0,2.2,6.9,5.65
13154,2017-06-01,0,0.1,3.5,1.85
13155,2017-07-01,0,-7.5,1,-7.0
13156,2017-08-01,0,-7.7,0.5,-7.45
13157,2017-09-01,0,-6.6,6.1,-3.55
13158,2017-10-01,0,-5.6,2.7,-4.25
13159,2017-11-01,0,-3.8,1.9,-2.8499999999999996
13160,2017-12-01,0,-6.4,2.5,-5.15
13161,2017-01-13,1.4,-0.8,5.4,1.9000000000000001
13162,2017-01-14,0.1,-1.9,5.5,0.8500000000000001
13163,2017-01-15,0,0.1,5.3,2.75
13164,2017-01-16,0,-4.1,4.1,-2.05
13165,2017-01-17,0,1.4,5,3.9
13166,2017-01-18,0.1,-0.7,5.7,2.1500000000000004
13167,2017-01-19,0,-4.6,5.1,-2.05
13168,2017-01-20,0,-5.9,4.5,-3.6500000000000004
13169,2017-01-21,0,-3.6,5.3,-0.9500000000000002
13170,2017-01-22,0,-2.9,5.7,-0.04999999999999982
13171,2017-01-23,0,-5.4,5.3,-2.7500000000000004
13172,2017-01-24,0,-2.6,6.4,0.6000000000000001
13173,2017-01-25,0,-4,6.2,-0.8999999999999999
13174,2017-01-26,0,-5.2,5.8,-2.3000000000000003
13175,2017-01-27,0,-5.7,4.5,-3.45
13176,2017-01-28,0,-5.8,5,-3.3
13177,2017-01-29,0,-4.6,6.5,-1.3499999999999996
13178,2017-01-30,0,-4.8,5.9,-1.8499999999999996
13179,2017-01-31,0,2,3.9,3.95
13180,2017-01-02,0.3,2.6,4.2,4.7
13181,2017-02-02,0.9,3.4,5.6,6.199999999999999
13182,2017-03-02,4.5,4,7.2,7.6
13183,2017-04-02,9.6,4.4,7.2,8.0
13184,2017-05-02,5.9,3.2,5.9,6.15
13185,2017-06-02,14,3.4,10.9,8.85
13186,2017-07-02,0.8,4.7,9.7,9.55
13187,2017-08-02,0,4,9.6,8.8
13188,2017-09-02,0,1.2,9.9,6.15
13189,2017-10-02,0,3.1,6.9,6.550000000000001
13190,2017-11-02,6,2.9,7.9,6.85
13191,2017-12-02,0,2.7,10.4,7.9
13192,2017-02-13,0,1.8,10.4,7.0
13193,2017-02-14,0.1,2.7,11.5,8.45
13194,2017-02-15,0,2.6,12.2,8.7
13195,2017-02-16,0,3.4,13.8,10.3
13196,2017-02-17,0,0.9,11.3,6.550000000000001
13197,2017-02-18,0,0.3,12.7,6.6499999999999995
13198,2017-02-19,0,1.5,11.7,7.35
13199,2017-02-20,0,-0.8,12,5.2
13200,2017-02-21,0,2.6,10.8,8.0
13201,2017-02-22,0,1.4,9.7,6.25
13202,2017-02-23,0,6.2,10.4,11.4
13203,2017-02-24,0,7.8,11.9,13.75
13204,2017-02-25,0,2.7,13,9.2
13205,2017-02-26,0,-0.3,11.6,5.5
13206,2017-02-27,0,1.2,13.3,7.8500000000000005
13207,2017-02-28,1,7,9.4,11.7
13208,2017-01-03,34.6,3.8,12.4,10.0
13209,2017-02-03,0,1.2,13.7,8.049999999999999
13210,2017-03-03,0,2.6,12.6,8.9
13211,2017-04-03,0,8,12.2,14.1
13212,2017-05-03,14.9,7.7,13,14.2
13213,2017-06-03,0,4.7,13.6,11.5
13214,2017-07-03,0,8.6,14,15.6
13215,2017-08-03,0,6.1,15.4,13.8
13216,2017-09-03,0,4.4,16.6,12.700000000000001
13217,2017-10-03,0,8.9,17.8,17.8
13218,2017-11-03,0,4.1,16.8,12.5
13219,2017-12-03,0,2.9,15.8,10.8
13220,2017-03-13,0,3.1,16.1,11.15
13221,2017-03-14,0,5.4,21.1,15.950000000000001
13222,2017-03-15,0.1,5.4,16.9,13.85
13223,2017-03-16,0,4.7,20.2,14.8
13224,2017-03-17,0,4.3,20.6,14.600000000000001
13225,2017-03-18,0,6.9,19.5,16.65
13226,2017-03-19,0,6.6,17.5,15.35
13227,2017-03-20,0,5.8,19.4,15.5
13228,2017-03-21,0,12.7,16.7,21.049999999999997
13229,2017-03-22,0,12.1,16.2,20.2
13230,2017-03-23,9.8,10,16.6,18.3
13231,2017-03-24,2.4,10.6,19.3,20.25
13232,2017-03-25,0,10.1,22.6,21.4
13233,2017-03-26,0,9.3,17.8,18.200000000000003
13234,2017-03-27,2.8,8.4,18,17.4
13235,2017-03-28,0,5.1,20.9,15.549999999999999
13236,2017-03-29,0,7.5,23.5,19.25
13237,2017-03-30,0,7.2,24,19.2
13238,2017-03-31,0,8.5,23.6,20.3
13239,2017-01-04,0,9.6,21.9,20.549999999999997
13240,2017-02-04,0,7.5,19.5,17.25
13241,2017-03-04,0.2,9.5,23.9,21.45
13242,2017-04-04,0,10.5,19.4,20.2
13243,2017-05-04,1.9,8.7,15.4,16.4
13244,2017-06-04,0,6.9,21,17.4
13245,2017-07-04,0,6.6,21.1,17.15
13246,2017-08-04,0.1,6.3,24,18.3
13247,2017-09-04,0,8.1,23.7,19.95
13248,2017-10-04,0,9.6,23.8,21.5
13249,2017-11-04,0,9.6,23.6,21.4
13250,2017-12-04,0.4,10,21.8,20.9
13251,2017-04-13,0,10.9,23.3,22.55
13252,2017-04-14,0,10.2,22.8,21.6
13253,2017-04-15,0,12.1,20.1,22.15
13254,2017-04-16,0,8.7,21.7,19.549999999999997
13255,2017-04-17,0,7.3,16.3,15.45
13256,2017-04-18,1.1,8.6,13.6,15.399999999999999
13257,2017-04-19,0,5.7,12.3,11.850000000000001
13258,2017-04-20,0,6.2,14.2,13.3
13259,2017-04-21,0,4,18.8,13.4
13260,2017-04-22,0,3.6,20.6,13.9
13261,2017-04-23,0,6.9,21.3,17.55
13262,2017-04-24,0,12.4,16.3,20.55
13263,2017-04-25,0.1,12.5,18.4,21.7
13264,2017-04-26,13.2,10.3,15.1,17.85
13265,2017-04-27,48.6,9.7,15.5,17.45
13266,2017-04-28,19.1,8.1,13.8,15.0
13267,2017-04-29,0,6.5,18.6,15.8
13268,2017-04-30,0,5,19.5,14.75
13269,2017-01-05,0,6.9,14.8,14.3
13270,2017-02-05,9.9,5.8,20.7,16.15
13271,2017-03-05,6.8,8.8,16.4,17.0
13272,2017-04-05,1.6,10.1,15.7,17.95
13273,2017-05-05,0.7,9.4,22.8,20.8
13274,2017-06-05,0,9,15.3,16.65
13275,2017-07-05,10.5,10.6,20.3,20.75
13276,2017-08-05,0,9.9,22.2,21.0
13277,2017-09-05,0,11.8,22.6,23.1
13278,2017-10-05,0,12.8,20.4,23.0
13279,2017-11-05,0,13.6,20.5,23.85
13280,2017-12-05,9.7,12.9,22.9,24.35
13281,2017-05-13,0.6,14.6,26.2,27.7
13282,2017-05-14,0,15.8,25.8,28.700000000000003
13283,2017-05-15,0,15,25.5,27.75
13284,2017-05-16,0,11.8,27.2,25.4
13285,2017-05-17,0,13.3,27.7,27.15
13286,2017-05-18,0,19.6,26.1,32.650000000000006
13287,2017-05-19,0,13.8,23.6,25.6
13288,2017-05-20,5.2,12.6,21.7,23.45
13289,2017-05-21,0,15.1,26.4,28.299999999999997
13290,2017-05-22,0,12.4,27.4,26.1
13291,2017-05-23,0.1,13.2,28.7,27.549999999999997
13292,2017-05-24,0,13.6,28.7,27.95
13293,2017-05-25,0,17,28.4,31.2
13294,2017-05-26,0,15,27.3,28.65
13295,2017-05-27,0,14.7,29.2,29.299999999999997
13296,2017-05-28,0,15.6,30.5,30.85
13297,2017-05-29,0,16.7,30.7,32.05
13298,2017-05-30,0,17.8,31.2,33.4
13299,2017-05-31,0.1,18,30.6,33.3
13300,2017-01-06,0,17.5,30.7,32.85
13301,2017-02-06,0,18.6,28.3,32.75
13302,2017-03-06,0,18.1,29.9,33.05
13303,2017-04-06,1.6,18.5,25.2,31.1
13304,2017-05-06,4.1,16.3,23.6,28.1
13305,2017-06-06,10.7,16,21.6,26.8
13306,2017-07-06,7.2,13.2,26.4,26.4
13307,2017-08-06,0,9.8,25.5,22.55
13308,2017-09-06,0,12.4,26.8,25.8
13309,2017-10-06,0,15.4,31,30.9
13310,2017-11-06,0,15.9,30.7,31.25
13311,2017-12-06,0,18.9,31.7,34.75
13312,2017-06-13,0,19.6,32.2,35.7
13313,2017-06-14,0,20.5,27.4,34.2
13314,2017-06-15,0.1,18,31.3,33.65
13315,2017-06-16,0.2,20.2,32.2,36.3
13316,2017-06-17,0,22.6,32.4,38.8
13317,2017-06-18,0,16.6,30.8,32.0
13318,2017-06-19,0,17.6,31.5,33.35
13319,2017-06-20,0,18.6,33.3,35.25
13320,2017-06-21,15.7,18.9,33.1,35.45
13321,2017-06-22,25.5,18.4,32.4,34.599999999999994
13322,2017-06-23,0,22.6,32.7,38.95
13323,2017-06-24,0,20.8,33.7,37.650000000000006
13324,2017-06-25,27.8,17.8,27.1,31.35
13325,2017-06-26,1.1,15.6,30.7,30.95
13326,2017-06-27,3,19.6,26.6,32.900000000000006
13327,2017-06-28,3.5,15,25.8,27.9
13328,2017-06-29,21.5,14.8,25.1,27.35
13329,2017-06-30,5.3,14.2,23,25.7
13330,2017-01-07,5.5,13,25.7,25.85
13331,2017-02-07,0,14.2,27.6,28.0
13332,2017-03-07,0,13.5,29.7,28.35
13333,2017-04-07,0,17.8,29,32.3
13334,2017-05-07,0,19.4,30.8,34.8
13335,2017-06-07,0,17.7,32.5,33.95
13336,2017-07-07,0,19.3,32,35.3
13337,2017-08-07,3.9,19.5,33.7,36.35
13338,2017-09-07,19.2,17.9,29.2,32.5
13339,2017-10-07,34.8,19.6,30.1,34.650000000000006
13340,2017-11-07,11.2,18.1,28.2,32.2
13341,2017-12-07,0,17.1,29.3,31.75
13342,2017-07-13,0,21.9,31.9,37.849999999999994
13343,2017-07-14,5.8,18.4,27,31.9
13344,2017-07-15,2.7,16.4,28.3,30.549999999999997
13345,2017-07-16,0,15.2,28.6,29.5
13346,2017-07-17,0,15.1,29.2,29.7
13347,2017-07-18,0,19.5,30.9,34.95
13348,2017-07-19,0,20.5,30.8,35.9
13349,2017-07-20,0,19.2,30.3,34.35
13350,2017-07-21,0,19.7,28.8,34.1
13351,2017-07-22,25.4,19.2,30,34.2
13352,2017-07-23,0,19.2,31.1,34.75
13353,2017-07-24,4.7,17.7,23.3,29.35
13354,2017-07-25,8.7,15.4,25,27.9
13355,2017-07-26,0,12.2,26.1,25.25
13356,2017-07-27,0,17.7,27.4,31.4
13357,2017-07-28,0,15.2,30,30.2
13358,2017-07-29,0,17.7,31,33.2
13359,2017-07-30,2.5,18.7,30.4,33.9
13360,2017-07-31,1.6,18.8,31.6,34.6
13361,2017-01-08,0,19.7,34.2,36.8
13362,2017-02-08,0,20.9,35,38.4
13363,2017-03-08,0,20.1,34.6,37.400000000000006
13364,2017-04-08,0,21,35.1,38.55
13365,2017-05-08,0,23.5,35.5,41.25
13366,2017-06-08,0,19.3,28,33.3
13367,2017-07-08,16.2,17.7,29.2,32.3
13368,2017-08-08,0,17.8,30.1,32.85
13369,2017-09-08,0.4,18.6,31.2,34.2
13370,2017-10-08,46.2,17.3,25.8,30.200000000000003
13371,2017-11-08,41,16.2,25.4,28.9
13372,2017-12-08,2.8,15.4,26.1,28.450000000000003
13373,2017-08-13,0,13.7,28.2,27.799999999999997
13374,2017-08-14,0,17.1,28.8,31.5
13375,2017-08-15,0,16,30.2,31.1
13376,2017-08-16,0,18.2,28.2,32.3
13377,2017-08-17,0,16.9,30.7,32.25
13378,2017-08-18,0,19.1,31.7,34.95
13379,2017-08-19,13.1,17.1,26.4,30.3
13380,2017-08-20,2.2,16.4,26,29.4
13381,2017-08-21,0,15.3,26.3,28.450000000000003
13382,2017-08-22,0,13.4,25.7,26.25
13383,2017-08-23,0,14.3,27.6,28.1
13384,2017-08-24,0,15.5,30,30.5
13385,2017-08-25,0,19.1,30.5,34.35
13386,2017-08-26,0,18.3,30.7,33.65
13387,2017-08-27,2.3,19.2,28.8,33.6
13388,2017-08-28,0,20.1,27.6,33.900000000000006
13389,2017-08-29,0.4,16.6,29.4,31.3
13390,2017-08-30,0,16.2,29.7,31.049999999999997
13391,2017-08-31,0,18.5,29.7,33.35
13392,2017-01-09,0.6,16.8,22.9,28.25
13393,2017-02-09,0.8,13.3,18.8,22.700000000000003
13394,2017-03-09,29.2,13.3,22.5,24.55
13395,2017-04-09,0,10.6,23.5,22.35
13396,2017-05-09,0.1,14.8,25.9,27.75
13397,2017-06-09,0,14.3,25.1,26.85
13398,2017-07-09,0,17.9,25.3,30.549999999999997
13399,2017-08-09,0.6,16,24.1,28.05
13400,2017-09-09,0,16.6,24.5,28.85
13401,2017-10-09,22.4,14.2,16.3,22.35
13402,2017-11-09,2.6,13.9,20.4,24.1
13403,2017-12-09,10.6,11.2,19,20.7
13404,2017-09-13,22.8,9.9,18.8,19.3
13405,2017-09-14,0,12.5,20.2,22.6
13406,2017-09-15,3.9,11.1,18.8,20.5
13407,2017-09-16,3.8,13.1,18,22.1
13408,2017-09-17,6.3,10.2,16.4,18.4
13409,2017-09-18,0.5,10.1,18,19.1
13410,2017-09-19,1.4,12,17,20.5
13411,2017-09-20,0.8,12,20.2,22.1
13412,2017-09-21,0,7.7,19.7,17.55
13413,2017-09-22,0,7.1,21.7,17.95
13414,2017-09-23,0,9.7,20.6,20.0
13415,2017-09-24,2.3,13.5,21.4,24.2
13416,2017-09-25,0,12,20.4,22.2
13417,2017-09-26,0,11.4,21.7,22.25
13418,2017-09-27,0,9.4,21.7,20.25
13419,2017-09-28,0,10.3,21.5,21.05
13420,2017-09-29,0,14.1,20.6,24.4
13421,2017-09-30,0,14.2,19.7,24.049999999999997
13422,2017-01-10,0.7,13.9,16.6,22.200000000000003
13423,2017-02-10,3.6,12.2,20.3,22.35
13424,2017-03-10,0,14.5,16.3,22.65
13425,2017-04-10,0.1,10.7,18.3,19.85
13426,2017-05-10,0,10.6,21.3,21.25
13427,2017-06-10,0.1,13.3,20.2,23.4
13428,2017-07-10,0,5.4,18.9,14.85
13429,2017-08-10,0,8.2,18.9,17.65
13430,2017-09-10,0,6,18.3,15.15
13431,2017-10-10,0,6.8,19.1,16.35
13432,2017-11-10,0,9.8,19.3,19.450000000000003
13433,2017-12-10,0,10.9,21.3,21.55
13434,2017-10-13,0,9.6,19.3,19.25
13435,2017-10-14,0,8.7,20.6,19.0
13436,2017-10-15,0,7.6,19.5,17.35
13437,2017-10-16,0,9.5,20.8,19.9
13438,2017-10-17,0,8,19.2,17.6
13439,2017-10-18,0,6.6,20.3,16.75
13440,2017-10-19,0,7.2,18.5,16.45
13441,2017-10-20,0,6.7,18.6,16.0
13442,2017-10-21,0,9.7,18,18.7
13443,2017-10-22,3.2,11.8,14.6,19.1
13444,2017-10-23,0.7,6,18.1,15.05
13445,2017-10-24,0,7.4,21.2,18.0
13446,2017-10-25,0,7.8,16.2,15.899999999999999
13447,2017-10-26,0,7,16.2,15.1
13448,2017-10-27,0,6.9,20.7,17.25
13449,2017-10-28,0,3.9,15.3,11.55
13450,2017-10-29,0,2.4,19.2,12.0
13451,2017-10-30,0,10.8,17.6,19.6
13452,2017-10-31,0,3.7,12.6,10.0
13453,2017-01-11,0,2,12.7,8.35
13454,2017-02-11,0,2.1,10.8,7.5
13455,2017-03-11,0,3.5,13.8,10.4
13456,2017-04-11,0.1,3.5,10.7,8.85
13457,2017-05-11,0,7.8,10.7,13.149999999999999
13458,2017-06-11,52.2,7.2,12.3,13.350000000000001
13459,2017-07-11,0,8.1,11.3,13.75
13460,2017-08-11,4.5,6.8,11.9,12.75
13461,2017-09-11,0.2,5.7,12.6,12.0
13462,2017-10-11,0,3.4,10.7,8.75
13463,2017-11-11,0,2.7,11,8.2
13464,2017-12-11,0,5,11.4,10.7
13465,2017-11-13,24,6.4,10.7,11.75
13466,2017-11-14,0,7.3,12.6,13.6
13467,2017-11-15,0,4.2,11.7,10.05
13468,2017-11-16,0,1.7,10.6,7.0
13469,2017-11-17,0,1.1,11,6.6
13470,2017-11-18,0,0.1,10.6,5.3999999999999995
13471,2017-11-19,0,-0.8,13.4,5.9
13472,2017-11-20,0,-1,8.7,3.3499999999999996
13473,2017-11-21,0,-1.5,7.2,2.1
13474,2017-11-22,0,-0.8,8.2,3.3
13475,2017-11-23,0,2,9.9,6.95
13476,2017-11-24,0,1.9,8.5,6.15
13477,2017-11-25,0,4.8,9.2,9.399999999999999
13478,2017-11-26,8.2,4.8,10.7,10.149999999999999
13479,2017-11-27,0,-1.5,8.4,2.7
13480,2017-11-28,0,-3.5,3.2,-1.9
13481,2017-11-29,0,1.6,3.5,3.35
13482,2017-11-30,4.1,1.8,8.7,6.1499999999999995
13483,2017-01-12,0,-0.4,3.5,1.35
13484,2017-02-12,0,0.2,5.4,2.9000000000000004
13485,2017-03-12,0,-3,5.5,-0.25
13486,2017-04-12,0,-3.1,3.2,-1.5
13487,2017-05-12,0,-3.7,5.9,-0.75
13488,2017-06-12,0,-1.8,8,2.2
13489,2017-07-12,0,-3.7,3.6,-1.9000000000000001
13490,2017-08-12,0,-0.9,6.9,2.5500000000000003
13491,2017-09-12,0.1,0,7.2,3.6
13492,2017-10-12,0,-4.4,2,-3.4000000000000004
13493,2017-11-12,13.5,-2.4,0.9,-1.95
13494,2017-12-12,57.9,0.7,9.9,5.65
13495,2017-12-13,0.1,1.8,7.8,5.7
13496,2017-12-14,0,-0.8,3.4,0.8999999999999999
13497,2017-12-15,0,-3.1,6.5,0.1499999999999999
13498,2017-12-16,0,-2.5,6,0.5
13499,2017-12-17,0,-3.7,6.5,-0.4500000000000002
13500,2017-12-18,0,-5.2,3,-3.7
13501,2017-12-19,0,-6.7,0.9,-6.25
13502,2017-12-20,0,-4.1,2.8,-2.6999999999999997
13503,2017-12-21,0,-5.9,2.2,-4.800000000000001
13504,2017-12-22,0,-4.5,1,-4.0
13505,2017-12-23,0,-4.7,10.1,0.34999999999999964
13506,2017-12-24,0,-0.5,9.4,4.2
13507,2017-12-25,0,-4.2,3.3,-2.5500000000000003
13508,2017-12-26,0,-1.1,3.1,0.44999999999999996
13509,2017-12-27,12.6,0.6,2.1,1.65
13510,2017-12-28,35.4,0.5,7.1,4.05
13511,2017-12-29,0,-1.4,4.7,0.9500000000000002
13512,2017-12-30,0,-2,3.1,-0.44999999999999996
13513,2017-12-31,0,-3.9,2.2,-2.8
14610,2021-01-01,0,-2.3,0.4,-2.0999999999999996
14611,2021-02-01,2.1,-0.6,2.3,0.5499999999999999
14612,2021-03-01,10.9,0.6,3.3,2.25
14613,2021-04-01,0,0.6,4.3,2.75
14614,2021-05-01,0.1,-0.7,3.5,1.05
14615,2021-06-01,0,0,2.9,1.45
14616,2021-07-01,0.2,-3.5,0.8,-3.1
14617,2021-08-01,0,-4.5,1.7,-3.65
14618,2021-09-01,0,-4.6,-0.6,-4.8999999999999995
14619,2021-10-01,0,-6.3,-0.3,-6.45
14620,2021-11-01,0,-8.7,-1.5,-9.45
14621,2021-12-01,0,-9.4,-1.4,-10.1
14622,2021-01-13,0,-7.6,4.2,-5.5
14623,2021-01-14,0,-3.9,7.3,-0.25
14624,2021-01-15,0,-0.2,4.1,1.8499999999999999
14625,2021-01-16,0,-4.7,2.7,-3.35
14626,2021-01-17,0,-5.4,-0.5,-5.65
14627,2021-01-18,0,-6.9,0.7,-6.550000000000001
14628,2021-01-19,0,-5.4,1.5,-4.65
14629,2021-01-20,0,-4.1,2.1,-3.05
14630,2021-01-21,0.7,0.1,1.2,0.7
14631,2021-01-22,31.3,0.5,3.2,2.1
14632,2021-01-23,30.6,0.8,8.2,4.8999999999999995
14633,2021-01-24,0.6,0.7,6.1,3.75
14634,2021-01-25,0,-0.9,2.9,0.5499999999999999
14635,2021-01-26,0,-1.9,6.6,1.4
14636,2021-01-27,0,-3.5,2.3,-2.35
14637,2021-01-28,0,-1.8,2.6,-0.5
14638,2021-01-29,0,-2.5,2.8,-1.1
14639,2021-01-30,0,-1.5,6.2,1.6
14640,2021-01-31,4.3,2.4,6.8,5.8
14641,2021-01-02,0,1.2,6.8,4.6
14642,2021-02-02,0.1,0,7.3,3.65
14643,2021-03-02,0,2.3,4.2,4.4
14644,2021-04-02,0,3.4,9.6,8.2
14645,2021-05-02,0,2.6,7.8,6.5
14646,2021-06-02,0,2.6,7.1,6.15
14647,2021-07-02,15,4.2,5.9,7.15
14648,2021-08-02,19.5,3,10.4,8.2
14649,2021-09-02,0,2.7,8.2,6.8
14650,2021-10-02,13.7,2.8,7,6.3
14651,2021-11-02,2,0,8.8,4.4
14652,2021-12-02,0,-0.4,2.9,1.0499999999999998
14653,2021-02-13,0,-2.3,4.8,0.10000000000000009
14654,2021-02-14,0,-3.9,2.8,-2.5
14655,2021-02-15,0,-3.5,3.6,-1.7
14656,2021-02-16,0,-4.4,8,-0.40000000000000036
14657,2021-02-17,0,-0.7,10,4.3
14658,2021-02-18,0,-2.2,10.1,2.8499999999999996
14659,2021-02-19,0,2.6,11.8,8.5
14660,2021-02-20,0,4.1,13.5,10.85
14661,2021-02-21,0,4,13,10.5
14662,2021-02-22,0,3.7,13.2,10.3
14663,2021-02-23,0,3.9,14.7,11.25
14664,2021-02-24,0,5.9,16.4,14.1
14665,2021-02-25,0,5.9,16.2,14.0
14666,2021-02-26,0,5.9,15.9,13.850000000000001
14667,2021-02-27,0,5.8,18.9,15.25
14668,2021-02-28,0,3.3,14.7,10.649999999999999
14669,2021-01-03,0,0.6,13.9,7.55
14670,2021-02-03,0,1,15.4,8.7
14671,2021-03-03,0,1.3,12.9,7.75
14672,2021-04-03,0,1.2,13.6,8.0
14673,2021-05-03,0,2,14.5,9.25
14674,2021-06-03,0,4.1,11.5,9.85
14675,2021-07-03,0,-0.6,12.4,5.6000000000000005
14676,2021-08-03,0,-0.3,13.2,6.3
14677,2021-09-03,0,1.1,13.4,7.800000000000001
14678,2021-10-03,1.3,0.3,13.8,7.2
14679,2021-11-03,0,1.8,10.6,7.1
14680,2021-12-03,0,5.5,14.4,12.7
14681,2021-03-13,1.9,1.6,15.5,9.35
14682,2021-03-14,0.8,3.6,12.2,9.7
14683,2021-03-15,0,-0.7,13.4,6.0
14684,2021-03-16,0.2,5.5,12.5,11.75
14685,2021-03-17,0,0.8,12.5,7.05
14686,2021-03-18,0,2.5,10.3,7.65
14687,2021-03-19,0,-1.2,10,3.8
14688,2021-03-20,0,-0.8,8.9,3.6500000000000004
14689,2021-03-21,0,-1.5,12.5,4.75
14690,2021-03-22,0,8.4,13.6,15.2
14691,2021-03-23,0,4.8,15.8,12.7
14692,2021-03-24,0,1.1,18.5,10.35
14693,2021-03-25,0,2.1,19.8,12.0
14694,2021-03-26,0,4.3,18.7,13.649999999999999
14695,2021-03-27,0,8.8,17.1,17.35
14696,2021-03-28,0,7.6,19.2,17.2
14697,2021-03-29,0,9.3,21.9,20.25
14698,2021-03-30,0,6.1,25.3,18.75
14699,2021-03-31,0,9.1,25.2,21.7
14700,2021-01-04,0,9.9,25.6,22.700000000000003
14701,2021-02-04,0,9.7,25.1,22.25
14702,2021-03-04,0,10.7,18.9,20.15
14703,2021-04-04,0,7,17.7,15.85
14704,2021-05-04,0,3.7,15.9,11.65
14705,2021-06-04,0,4.1,10.7,9.45
14706,2021-07-04,0,-0.7,9.2,3.8999999999999995
14707,2021-08-04,0,-0.6,15.7,7.25
14708,2021-09-04,0,1.5,15.4,9.2
14709,2021-10-04,0,7.8,16.1,15.850000000000001
14710,2021-11-04,4.3,7.8,11.5,13.55
14711,2021-12-04,8.7,4.3,12.2,10.399999999999999
14712,2021-04-13,20,4.2,12.7,10.55
14713,2021-04-14,0,4.3,13.5,11.05
14714,2021-04-15,13.5,2.1,10.8,7.5
14715,2021-04-16,0.1,2.1,14.8,9.5
14716,2021-04-17,0,2.2,16.9,10.649999999999999
14717,2021-04-18,0,6.6,16.2,14.7
14718,2021-04-19,0,5.4,16.7,13.75
14719,2021-04-20,0,4,19,13.5
14720,2021-04-21,0,6.6,19.5,16.35
14721,2021-04-22,0,7.2,21,17.7
14722,2021-04-23,0.1,6.6,22.2,17.7
14723,2021-04-24,0,9.6,22.7,20.95
14724,2021-04-25,0,7.7,24.1,19.75
14725,2021-04-26,0,12.2,16.4,20.4
14726,2021-04-27,0,11.1,18.4,20.299999999999997
14727,2021-04-28,0,9.5,21.6,20.3
14728,2021-04-29,0.7,12.2,17.3,20.85
14729,2021-04-30,5,12.4,20.6,22.700000000000003
14730,2021-01-05,1,12,20.3,22.15
14731,2021-02-05,34.9,11.6,19.9,21.549999999999997
14732,2021-03-05,0,8.7,19.8,18.6
14733,2021-04-05,0,10.6,20.6,20.9
14734,2021-05-05,0,9.1,20.7,19.45
14735,2021-06-05,0,9.8,19,19.3
14736,2021-07-05,0,14,21.8,24.9
14737,2021-08-05,0,10,21.7,20.85
14738,2021-09-05,0,8.1,24.5,20.35
14739,2021-10-05,0,12.3,26.6,25.6
14740,2021-11-05,5.6,12.7,19.8,22.6
14741,2021-12-05,35.6,11.6,17.6,20.4
14742,2021-05-13,0.1,10.3,21.8,21.200000000000003
14743,2021-05-14,6.4,11.5,20.6,21.8
14744,2021-05-15,0,11.1,18.7,20.45
14745,2021-05-16,0,8.4,21,18.9
14746,2021-05-17,12,10.1,22.2,21.2
14747,2021-05-18,0,7,23,18.5
14748,2021-05-19,8.1,11.3,20.1,21.35
14749,2021-05-20,1.6,7.4,22.5,18.65
14750,2021-05-21,0,8.9,22.1,19.950000000000003
14751,2021-05-22,1.8,11.1,19.7,20.95
14752,2021-05-23,0.4,11.3,20,21.3
14753,2021-05-24,1.2,10.7,14,17.7
14754,2021-05-25,13.7,9,19.9,18.95
14755,2021-05-26,4.7,7.8,22.7,19.15
14756,2021-05-27,0,10.8,23,22.3
14757,2021-05-28,0.4,8.4,24.8,20.8
14758,2021-05-29,0,11.6,22,22.6
14759,2021-05-30,0.6,8.6,24.5,20.85
14760,2021-05-31,0,14.1,23.2,25.7
14761,2021-01-06,0,13.1,25.5,25.85
14762,2021-02-06,0,16.4,25.9,29.349999999999998
14763,2021-03-06,0,13.3,27.9,27.25
14764,2021-04-06,0,15.2,29.1,29.75
14765,2021-05-06,0,15.9,29,30.4
14766,2021-06-06,5.1,16.1,26.6,29.400000000000002
14767,2021-07-06,0,17.3,23.1,28.85
14768,2021-08-06,1.3,16.8,26.9,30.25
14769,2021-09-06,2.4,16.4,27.6,30.2
14770,2021-10-06,15.6,18.7,27.3,32.35
14771,2021-11-06,0,17.3,27.7,31.15
14772,2021-12-06,0,13.8,30.9,29.25
14773,2021-06-13,0,16.1,33,32.6
14774,2021-06-14,0,14.7,30.7,30.049999999999997
14775,2021-06-15,0,20.1,29.4,34.8
14776,2021-06-16,0,17.3,30.2,32.4
14777,2021-06-17,0,18.8,31.9,34.75
14778,2021-06-18,0,23.4,31.4,39.099999999999994
14779,2021-06-19,0,20.6,32.6,36.900000000000006
14780,2021-06-20,0,20.1,32.4,36.3
14781,2021-06-21,0,21.4,32.6,37.7
14782,2021-06-22,0,19.5,32.1,35.55
14783,2021-06-23,0,16.9,33.6,33.7
14784,2021-06-24,18,17,31,32.5
14785,2021-06-25,0,15.9,30.1,30.950000000000003
14786,2021-06-26,0,17,30.7,32.35
14787,2021-06-27,0,17.6,31.7,33.45
14788,2021-06-28,0,18,33.6,34.8
14789,2021-06-29,0,20.9,32.2,37.0
14790,2021-06-30,0,17.4,29.8,32.3
14791,2021-01-07,0.5,15.6,28.1,29.65
14792,2021-02-07,0,15.1,30.2,30.2
14793,2021-03-07,0,18,30.8,33.4
14794,2021-04-07,5.3,17.2,25.5,29.95
14795,2021-05-07,10.5,17,28.4,31.2
14796,2021-06-07,0,15.3,31.7,31.15
14797,2021-07-07,0,18.7,33.5,35.45
14798,2021-08-07,9.8,18.3,27.7,32.15
14799,2021-09-07,21.3,17.7,29.5,32.45
14800,2021-10-07,0,16.6,30.5,31.85
14801,2021-11-07,0,18.7,29.1,33.25
14802,2021-12-07,0.1,16.2,31,31.7
14803,2021-07-13,0,17.1,26.5,30.35
14804,2021-07-14,41.9,16,22.2,27.1
14805,2021-07-15,1.7,14.4,22.8,25.8
14806,2021-07-16,0.7,15.6,23.5,27.35
14807,2021-07-17,0.4,17.1,28.7,31.450000000000003
14808,2021-07-18,0,18.4,30.9,33.849999999999994
14809,2021-07-19,0,20.4,32.2,36.5
14810,2021-07-20,0,17,30.9,32.45
14811,2021-07-21,0,18,31.3,33.65
14812,2021-07-22,4.2,17.7,29.9,32.65
14813,2021-07-23,29.9,17,29.7,31.85
14814,2021-07-24,0,20.5,30.2,35.6
14815,2021-07-25,0.1,18.7,28.5,32.95
14816,2021-07-26,8.7,17.6,23.4,29.3
14817,2021-07-27,8.1,17.7,24.3,29.85
14818,2021-07-28,7.9,17.1,28.7,31.450000000000003
14819,2021-07-29,0.1,17.4,29.8,32.3
14820,2021-07-30,0,17.7,30.2,32.8
14821,2021-07-31,0.2,18.9,30.1,33.95
14822,2021-01-08,22.4,17.2,21.1,27.75
14823,2021-02-08,10.6,15.7,24.1,27.75
14824,2021-03-08,0.1,14.8,21,25.3
14825,2021-04-08,4.7,16.1,21.5,26.85
14826,2021-05-08,44.8,16,27.3,29.65
14827,2021-06-08,0,15.3,27.8,29.200000000000003
14828,2021-07-08,0,16.9,27.8,30.799999999999997
14829,2021-08-08,4.7,17.9,28.7,32.25
14830,2021-09-08,0,17.4,29.2,32.0
14831,2021-10-08,0,15.2,29.7,30.049999999999997
14832,2021-11-08,0,17.2,31.2,32.8
14833,2021-12-08,0,17.2,31.9,33.15
14834,2021-08-13,0,18.9,30.3,34.05
14835,2021-08-14,0,19.4,32.7,35.75
14836,2021-08-15,0,19.7,32.9,36.15
14837,2021-08-16,0,16.9,28,30.9
14838,2021-08-17,12.5,16.2,26.4,29.4
14839,2021-08-18,0,15,27.4,28.7
14840,2021-08-19,0,16.4,27.7,30.25
14841,2021-08-20,0,16.7,28.6,31.0
14842,2021-08-21,0,16,29.4,30.7
14843,2021-08-22,0,17.6,26.8,31.0
14844,2021-08-23,6.6,16.1,26.1,29.150000000000002
14845,2021-08-24,0,13.1,27.6,26.9
14846,2021-08-25,2,15,26,28.0
14847,2021-08-26,0,16.1,26.9,29.55
14848,2021-08-27,1.2,16,25.3,28.65
14849,2021-08-28,1.3,12.7,23.9,24.65
14850,2021-08-29,4.9,9.6,22.5,20.85
14851,2021-08-30,0,12.8,20.9,23.25
14852,2021-08-31,0.2,10.5,23.8,22.4
14853,2021-01-09,0,11.7,26.8,25.1
14854,2021-02-09,---,12.5,26.6,25.8
14855,2021-03-09,---,13.7,26.7,27.049999999999997
14856,2021-04-09,---,13,27.3,26.65
14857,2021-05-09,---,13.5,27.8,27.4
14858,2021-06-09,---,14.4,27.6,28.200000000000003
14859,2021-07-09,---,13.5,27.5,27.25
14860,2021-08-09,---,15.7,27.6,29.5
14861,2021-09-09,---,13.9,27.8,27.8
14862,2021-10-09,---,12.4,27.7,26.25
14863,2021-11-09,---,14,28.7,28.35
14864,2021-12-09,---,14.4,28.4,28.6
14865,2021-09-13,---,14,29.7,28.85
14866,2021-09-14,---,14.1,29.6,28.9
14867,2021-09-15,---,14.9,24.1,26.950000000000003
14868,2021-09-16,---,18.3,20.4,28.5
14869,2021-09-17,---,17.6,26.7,30.950000000000003
14870,2021-09-18,---,17.3,25.7,30.15
14871,2021-09-19,---,14.7,20,24.7
14872,2021-09-20,---,13.2,22.8,24.6
14873,2021-09-21,---,12.5,23,24.0
14874,2021-09-22,---,12.5,19.5,22.25
14875,2021-09-23,---,12.5,21.7,23.35
14876,2021-09-24,---,11.1,23.8,23.0
14877,2021-09-25,---,12,23.8,23.9
14878,2021-09-26,---,14.3,20,24.3
14879,2021-09-27,---,15.5,24.4,27.7
14880,2021-09-28,---,13.7,24.8,26.1
14881,2021-09-29,---,14.4,22.2,25.5
14882,2021-09-30,---,14,22.7,25.35
14883,2021-01-10,---,13.4,21.8,24.3
14884,2021-02-10,---,11.4,21.6,22.200000000000003
14885,2021-03-10,---,14.3,18.2,23.4
14886,2021-04-10,---,15.1,22,26.1
14887,2021-05-10,---,14.4,19.8,24.3
14888,2021-06-10,---,13.1,16.1,21.15
14889,2021-07-10,---,14.5,19.5,24.25
14890,2021-08-10,---,12.2,20.3,22.35
14891,2021-09-10,---,10.5,18.3,19.65
14892,2021-10-10,---,6.3,16.5,14.55
14893,2021-11-10,---,6,18.1,15.05
14894,2021-12-10,---,6.3,13.6,13.1
14895,2021-10-13,---,4.9,17.4,13.6
14896,2021-10-14,---,2.6,15.5,10.35
14897,2021-10-15,---,2.4,13.7,9.25
14898,2021-10-16,---,3.8,17.5,12.55
14899,2021-10-17,---,4.4,15.5,12.15
14900,2021-10-18,---,4.7,16.8,13.100000000000001
14901,2021-10-19,---,5.6,14.2,12.7
14902,2021-10-20,---,4.7,17.5,13.45
14903,2021-10-21,---,12.2,16.3,20.35
14904,2021-10-22,---,9.3,18,18.3
14905,2021-10-23,---,6.5,15.4,14.2
14906,2021-10-24,---,4.2,13.2,10.8
14907,2021-10-25,---,3.8,12.1,9.85
14908,2021-10-26,---,3.9,13,10.4
14909,2021-10-27,---,3.1,13.2,9.7
14910,2021-10-28,---,4.1,12.6,10.399999999999999
14911,2021-10-29,---,3.9,15.1,11.45
14912,2021-10-30,---,1.7,13.1,8.25
14913,2021-10-31,---,6.9,14.5,14.15
14914,2021-01-11,---,8.3,10.9,13.75
14915,2021-02-11,---,6.9,13.8,13.8
14916,2021-03-11,---,5.3,8.4,9.5
14917,2021-04-11,---,6.3,9.2,10.899999999999999
14918,2021-05-11,---,4.3,11.5,10.05
14919,2021-06-11,---,3.9,10.7,9.25
14920,2021-07-11,---,3.9,11.5,9.65
14921,2021-08-11,---,2.2,8.5,6.45
14922,2021-09-11,---,1.9,10.5,7.15
14923,2021-10-11,---,6.2,13.2,12.8
14924,2021-11-11,---,6.2,14.1,13.25
14925,2021-12-11,---,4.7,13.1,11.25
14926,2021-11-13,---,4.2,9.8,9.100000000000001
14927,2021-11-14,---,8.2,10,13.2
14928,2021-11-15,---,8,12.1,14.05
14929,2021-11-16,---,5.2,10.6,10.5
14930,2021-11-17,---,6,12.4,12.2
14931,2021-11-18,---,4.7,13.6,11.5
14932,2021-11-19,---,3.4,11.4,9.1
14933,2021-11-20,---,2.4,11.5,8.15
14934,2021-11-21,---,1,11.5,6.75
14935,2021-11-22,---,6.7,10.5,11.95
14936,2021-11-23,---,2.6,11.8,8.5
14937,2021-11-24,---,0.2,8.8,4.6000000000000005
14938,2021-11-25,---,-0.6,4.7,1.75
14939,2021-11-26,---,3.4,6.7,6.75
14940,2021-11-27,---,4.9,8,8.9
14941,2021-11-28,---,1.8,5.5,4.55
14942,2021-11-29,---,3.1,7.8,7.0
14943,2021-11-30,---,-2.3,3.5,-0.5499999999999998
14944,2021-01-12,---,-1.6,5.7,1.25
14945,2021-02-12,---,2.8,7.6,6.6
14946,2021-03-12,---,-1.1,8.4,3.1
14947,2021-04-12,---,-0.3,4,1.7
14948,2021-05-12,---,1.3,7,4.8
14949,2021-06-12,---,1.9,7.7,5.75
14950,2021-07-12,---,-1.2,4.2,0.9000000000000001
14951,2021-08-12,---,-1.5,1.7,-0.65
14952,2021-09-12,---,-1.3,6.6,1.9999999999999998
14953,2021-10-12,---,-5.7,1.7,-4.8500000000000005
14954,2021-11-12,---,-0.4,8.8,4.0
14955,2021-12-12,---,-1.1,9.5,3.65
14956,2021-12-13,---,-0.3,8,3.7
14957,2021-12-14,---,0.6,6.8,4.0
14958,2021-12-15,---,-0.3,6.5,2.95
14959,2021-12-16,---,-2.1,5.6,0.6999999999999997
14960,2021-12-17,---,-1.2,6.8,2.2
14961,2021-12-18,---,-2.9,6.5,0.3500000000000001
14962,2021-12-19,---,-1.8,8,2.2
14963,2021-12-20,---,-1.9,7.7,1.9500000000000002
14964,2021-12-21,---,-3,2.4,-1.8
14965,2021-12-22,---,-3.9,1.8,-3.0
14966,2021-12-23,---,-4.2,1.9,-3.25
14967,2021-12-24,---,-1.8,2.9,-0.3500000000000001
14968,2021-12-25,---,1.8,5.4,4.5
14969,2021-12-26,---,-0.8,5.8,2.0999999999999996
14970,2021-12-27,---,2.3,6,5.3
14971,2021-12-28,---,2.7,6.3,5.85
14972,2021-12-29,---,0.6,10.7,5.949999999999999
14973,2021-12-30,---,3.2,9.9,8.15
14974,2021-12-31,---,3.9,11.5,9.65
